#CODE;ENGLISH;FRENCH;GERMAN;;SPANISH;;;;;;;;;x
b_abahan;Abahan;Abahan;Abahan;;Abahan;;;;;;;;;x
b_abahan_adj;Abahanian;;abahaner;;;;;;;;;;;x
b_abdeum;Abdeum;Abdeum;Abdeum;;Abdeum;;;;;;;;;x
b_abdeum_adj;Abdeumian;;abdeumer;;;;;;;;;;;x
b_ablab;Ablab;Ablab;Ablab;;Ablab;;;;;;;;;x
b_ablab_adj;Ablabian;;ablaber;;;;;;;;;;;x
b_abuter;Abuter;Abuter;Abuter;;Abuter;;;;;;;;;x
b_abuter_adj;Abuterian;;abuterer;;;;;;;;;;;x
b_acakaya;Acakaya;Acakaya;Acakaya;;Acakaya;;;;;;;;;x
b_acakaya_adj;Acakayan;;acakaer;;;;;;;;;;;x
b_acivorna;Acivorna;Acivorna;Acivorna;;Acivorna;;;;;;;;;x
b_acivorna_adj;Acivornan;;acivorner;;;;;;;;;;;x
b_acksabel;Acksabel;Acksabel;Acksabel;;Acksabel;;;;;;;;;x
b_acksabel_adj;Acksabelian;;acksabeler;;;;;;;;;;;x
b_acksabel_2;Acksabel;Acksabel;Acksabel;;Acksabel;;;;;;;;;x
b_acksabel_2_adj;Acksabelian;;acksabeler;;;;;;;;;;;x
b_acksabel_3;Acksabel;Acksabel;Acksabel;;Acksabel;;;;;;;;;x
b_acksabel_3_adj;Acksabelian;;acksabeler;;;;;;;;;;;x
b_acksabel_4;Acksabel;Acksabel;Acksabel;;Acksabel;;;;;;;;;x
b_acksabel_4_adj;Acksabelian;;acksabeler;;;;;;;;;;;x
b_actessos;Actessos;Actessos;Actessos;;Actessos;;;;;;;;;x
b_actessos_adj;Actessosian;;actessoser;;;;;;;;;;;x
b_actessos_2;Actessos;Actessos;Actessos;;Actessos;;;;;;;;;x
b_actessos_2_adj;Actessosian;;actessoser;;;;;;;;;;;x
b_actessos_3;Actessos;Actessos;Actessos;;Actessos;;;;;;;;;x
b_actessos_3_adj;Actessosian;;actessoser;;;;;;;;;;;x
b_actessos_4;Actessos;Actessos;Actessos;;Actessos;;;;;;;;;x
b_actessos_4_adj;Actessosian;;actessoser;;;;;;;;;;;x
b_actessos_5;Actessos;Actessos;Actessos;;Actessos;;;;;;;;;x
b_actessos_5_adj;Actessosian;;actessoser;;;;;;;;;;;x
b_ad_dascha;Ad Dascha;Ad Dascha;Ad Dascha;;Ad Dascha;;;;;;;;;x
b_ad_dascha_adj;Ad Daschan;;Ad Dascher;;;;;;;;;;;x
b_ad_dascha_2;Ad Dascha;Ad Dascha;Ad Dascha;;Ad Dascha;;;;;;;;;x
b_ad_dascha_2_adj;Ad Daschan;;Ad Dascher;;;;;;;;;;;x
b_ad_dascha_3;Ad Dascha;Ad Dascha;Ad Dascha;;Ad Dascha;;;;;;;;;x
b_ad_dascha_3_adj;Ad Daschan;;Ad Dascher;;;;;;;;;;;x
b_ad_dascha_4;Ad Dascha;Ad Dascha;Ad Dascha;;Ad Dascha;;;;;;;;;x
b_ad_dascha_4_adj;Ad Daschan;;Ad Dascher;;;;;;;;;;;x
b_ad_dascha_5;Ad Dascha;Ad Dascha;Ad Dascha;;Ad Dascha;;;;;;;;;x
b_ad_dascha_5_adj;Ad Daschan;;Ad Dascher;;;;;;;;;;;x
b_addasit;Addasit;Addasit;Addasit;;Addasit;;;;;;;;;x
b_addasit_adj;Addasitian;;addasiter;;;;;;;;;;;x
b_adena;Adena;Adena;Adena;;Adena;;;;;;;;;x
b_adena_adj;Adenan;;adener;;;;;;;;;;;x
b_adosinda;Adosinda;Adosinda;Adosinda;;Adosinda;;;;;;;;;x
b_adosinda_adj;Adosindan;;adosinder;;;;;;;;;;;x
b_afrad;Afrad;Afrad;Afrad;;Afrad;;;;;;;;;x
b_afrad_adj;Afradian;;afrader;;;;;;;;;;;x
b_afrad_2;Afrad;Afrad;Afrad;;Afrad;;;;;;;;;x
b_afrad_2_adj;Afradian;;afrader;;;;;;;;;;;x
b_afrad_3;Afrad;Afrad;Afrad;;Afrad;;;;;;;;;x
b_afrad_3_adj;Afradian;;afrader;;;;;;;;;;;x
b_afrad_4;Afrad;Afrad;Afrad;;Afrad;;;;;;;;;x
b_afrad_4_adj;Afradian;;afrader;;;;;;;;;;;x
b_agaqiya;Agaqiya;Agaqiya;Agaqiya;;Agaqiya;;;;;;;;;x
b_agaqiya_adj;Agaqiyan;;agaqer;;;;;;;;;;;x
b_agheida;Agheida;Agheida;Agheida;;Agheida;;;;;;;;;x
b_agheida_adj;Agheidan;;agheider;;;;;;;;;;;x
b_agheida_2;Agheida;Agheida;Agheida;;Agheida;;;;;;;;;x
b_agheida_2_adj;Agheidan;;agheider;;;;;;;;;;;x
b_agheida_3;Agheida;Agheida;Agheida;;Agheida;;;;;;;;;x
b_agheida_3_adj;Agheidan;;agheider;;;;;;;;;;;x
b_agheida_4;Agheida;Agheida;Agheida;;Agheida;;;;;;;;;x
b_agheida_4_adj;Agheidan;;agheider;;;;;;;;;;;x
b_agheida_5;Agheida;Agheida;Agheida;;Agheida;;;;;;;;;x
b_agheida_5_adj;Agheidan;;agheider;;;;;;;;;;;x
b_agheida_6;Agheida;Agheida;Agheida;;Agheida;;;;;;;;;x
b_agheida_6_adj;Agheidan;;agheider;;;;;;;;;;;x
b_agheida_7;Agheida;Agheida;Agheida;;Agheida;;;;;;;;;x
b_agheida_7_adj;Agheidan;;agheider;;;;;;;;;;;x
b_ahislu;Ahislu;Ahislu;Ahislu;;Ahislu;;;;;;;;;x
b_ahislu_adj;Ahislian;;ahisler;;;;;;;;;;;x
b_ahislu_2;Ahislu;Ahislu;Ahislu;;Ahislu;;;;;;;;;x
b_ahislu_2_adj;Ahislian;;ahisler;;;;;;;;;;;x
b_ahislu_3;Ahislu;Ahislu;Ahislu;;Ahislu;;;;;;;;;x
b_ahislu_3_adj;Ahislian;;ahisler;;;;;;;;;;;x
b_ahislu_4;Ahislu;Ahislu;Ahislu;;Ahislu;;;;;;;;;x
b_ahislu_4_adj;Ahislian;;ahisler;;;;;;;;;;;x
b_ajdaan;Ajdaan;Ajdaan;Ajdaan;;Ajdaan;;;;;;;;;x
b_ajdaan_adj;Ajdaanian;;ajdaaner;;;;;;;;;;;x
b_ajdaan_2;Ajdaan;Ajdaan;Ajdaan;;Ajdaan;;;;;;;;;x
b_ajdaan_2_adj;Ajdaanian;;ajdaaner;;;;;;;;;;;x
b_akcasi;Akcasi;Akcasi;Akcasi;;Akcasi;;;;;;;;;x
b_akcasi_adj;Akcasian;;akcaser;;;;;;;;;;;x
b_akpazuyuk;Akpazuyuk;Akpazuyuk;Akpazuyuk;;Akpazuyuk;;;;;;;;;x
b_akpazuyuk_adj;Akpazuyukian;;akpazuyuker;;;;;;;;;;;x
b_alagasz;Alagasz;Alagasz;Alagasz;;Alagasz;;;;;;;;;x
b_alagasz_adj;Alagaszian;;alagaszer;;;;;;;;;;;x
b_alagasz_2;Alagasz;Alagasz;Alagasz;;Alagasz;;;;;;;;;x
b_alagasz_2_adj;Alagaszian;;alagaszer;;;;;;;;;;;x
b_alagasz_3;Alagasz;Alagasz;Alagasz;;Alagasz;;;;;;;;;x
b_alagasz_3_adj;Alagaszian;;alagaszer;;;;;;;;;;;x
b_alagasz_4;Alagasz;Alagasz;Alagasz;;Alagasz;;;;;;;;;x
b_alagasz_4_adj;Alagaszian;;alagaszer;;;;;;;;;;;x
b_alagasz_5;Alagasz;Alagasz;Alagasz;;Alagasz;;;;;;;;;x
b_alagasz_5_adj;Alagaszian;;alagaszer;;;;;;;;;;;x
b_alagasz_6;Alagasz;Alagasz;Alagasz;;Alagasz;;;;;;;;;x
b_alagasz_6_adj;Alagaszian;;alagaszer;;;;;;;;;;;x
b_alath;Alath;Alath;Alath;;Alath;;;;;;;;;x
b_alath_adj;Alathian;;alather;;;;;;;;;;;x
b_alaviv;Alaviv;Alaviv;Alaviv;;Alaviv;;;;;;;;;x
b_alaviv_adj;Alavivian;;alaviver;;;;;;;;;;;x
b_alcalha;Alcalha;Alcalha;Alcalha;;Alcalha;;;;;;;;;x
b_alcalha_adj;Alcalhan;;alcalher;;;;;;;;;;;x
b_alcarro;Alcarro;Alcarro;Alcarro;;Alcarro;;;;;;;;;x
b_alcarro_adj;Alcarrian;;alcarrer;;;;;;;;;;;x
b_alcarro_2;Alcarro;Alcarro;Alcarro;;Alcarro;;;;;;;;;x
b_alcarro_2_adj;Alcarrian;;alcarrer;;;;;;;;;;;x
b_alcarro_3;Alcarro;Alcarro;Alcarro;;Alcarro;;;;;;;;;x
b_alcarro_3_adj;Alcarrian;;alcarrer;;;;;;;;;;;x
b_alcarro_4;Alcarro;Alcarro;Alcarro;;Alcarro;;;;;;;;;x
b_alcarro_4_adj;Alcarrian;;alcarrer;;;;;;;;;;;x
b_alereggio;Alereggio;Alereggio;Alereggio;;Alereggio;;;;;;;;;x
b_alereggio_adj;Alereggian;;aleregger;;;;;;;;;;;x
b_alereggio_2;Alereggio;Alereggio;Alereggio;;Alereggio;;;;;;;;;x
b_alereggio_2_adj;Alereggian;;aleregger;;;;;;;;;;;x
b_alereggio_3;Alereggio;Alereggio;Alereggio;;Alereggio;;;;;;;;;x
b_alereggio_3_adj;Alereggian;;aleregger;;;;;;;;;;;x
b_alereggio_4;Alereggio;Alereggio;Alereggio;;Alereggio;;;;;;;;;x
b_alereggio_4_adj;Alereggian;;aleregger;;;;;;;;;;;x
b_aliman;Aliman;Aliman;Aliman;;Aliman;;;;;;;;;x
b_aliman_adj;Alimanian;;alimaner;;;;;;;;;;;x
b_aljaaq;Aljaaq;Aljaaq;Aljaaq;;Aljaaq;;;;;;;;;x
b_aljaaq_adj;Aljaaqian;;aljaaqer;;;;;;;;;;;x
b_allaciras;Allaciras;Allaciras;Allaciras;;Allaciras;;;;;;;;;x
b_allaciras_adj;Allacirasian;;allaciraser;;;;;;;;;;;x
b_alpanuzum;Alpanuzum;Alpanuzum;Alpanuzum;;Alpanuzum;;;;;;;;;x
b_alpanuzum_adj;Alpanuzumian;;alpanuzumer;;;;;;;;;;;x
b_alpardir;Alpardir;Alpardir;Alpardir;;Alpardir;;;;;;;;;x
b_alpardir_adj;Alpardirian;;alpardirer;;;;;;;;;;;x
b_altymos;Altymos;Altymos;Altymos;;Altymos;;;;;;;;;x
b_altymos_adj;Altymosian;;altymoser;;;;;;;;;;;x
b_altymos_2;Altymos;Altymos;Altymos;;Altymos;;;;;;;;;x
b_altymos_2_adj;Altymosian;;altymoser;;;;;;;;;;;x
b_altymos_3;Altymos;Altymos;Altymos;;Altymos;;;;;;;;;x
b_altymos_3_adj;Altymosian;;altymoser;;;;;;;;;;;x
b_altymos_4;Altymos;Altymos;Altymos;;Altymos;;;;;;;;;x
b_altymos_4_adj;Altymosian;;altymoser;;;;;;;;;;;x
b_altymos_5;Altymos;Altymos;Altymos;;Altymos;;;;;;;;;x
b_altymos_5_adj;Altymosian;;altymoser;;;;;;;;;;;x
b_altymos_6;Altymos;Altymos;Altymos;;Altymos;;;;;;;;;x
b_altymos_6_adj;Altymosian;;altymoser;;;;;;;;;;;x
b_alzigon;Alzigon;Alzigon;Alzigon;;Alzigon;;;;;;;;;x
b_alzigon_adj;Alzigonian;;alzigoner;;;;;;;;;;;x
b_amadere;Amadere;Amadere;Amadere;;Amadere;;;;;;;;;x
b_amadere_adj;Amaderean;;amaderer;;;;;;;;;;;x
b_amago;Amago;Amago;Amago;;Amago;;;;;;;;;x
b_amago_adj;Amagian;;amager;;;;;;;;;;;x
b_amago_2;Amago;Amago;Amago;;Amago;;;;;;;;;x
b_amago_2_adj;Amagian;;amager;;;;;;;;;;;x
b_amago_3;Amago;Amago;Amago;;Amago;;;;;;;;;x
b_amago_3_adj;Amagian;;amager;;;;;;;;;;;x
b_amago_4;Amago;Amago;Amago;;Amago;;;;;;;;;x
b_amago_4_adj;Amagian;;amager;;;;;;;;;;;x
b_amago_5;Amago;Amago;Amago;;Amago;;;;;;;;;x
b_amago_5_adj;Amagian;;amager;;;;;;;;;;;x
b_amago_6;Amago;Amago;Amago;;Amago;;;;;;;;;x
b_amago_6_adj;Amagian;;amager;;;;;;;;;;;x
b_amaris;Amaris;Amaris;Amaris;;Amaris;;;;;;;;;x
b_amaris_adj;Amarisian;;amariser;;;;;;;;;;;x
b_amatra;Amatra;Amatra;Amatra;;Amatra;;;;;;;;;x
b_amatra_adj;Amatran;;amatrer;;;;;;;;;;;x
b_amatri;Amatri;Amatri;Amatri;;Amatri;;;;;;;;;x
b_amatri_adj;Amatrian;;amatrer;;;;;;;;;;;x
b_amatri_2;Amatri;Amatri;Amatri;;Amatri;;;;;;;;;x
b_amatri_2_adj;Amatrian;;amatrer;;;;;;;;;;;x
b_amatri_3;Amatri;Amatri;Amatri;;Amatri;;;;;;;;;x
b_amatri_3_adj;Amatrian;;amatrer;;;;;;;;;;;x
b_amatri_4;Amatri;Amatri;Amatri;;Amatri;;;;;;;;;x
b_amatri_4_adj;Amatrian;;amatrer;;;;;;;;;;;x
b_amatri_5;Amatri;Amatri;Amatri;;Amatri;;;;;;;;;x
b_amatri_5_adj;Amatrian;;amatrer;;;;;;;;;;;x
b_amburii;Amburii;Amburii;Amburii;;Amburii;;;;;;;;;x
b_amburii_adj;Amburian;;amburer;;;;;;;;;;;x
b_ampheuterna;Ampheuterna;Ampheuterna;Ampheuterna;;Ampheuterna;;;;;;;;;x
b_ampheuterna_adj;Ampheuternan;;ampheuterner;;;;;;;;;;;x
b_ampheuterna_2;Ampheuterna;Ampheuterna;Ampheuterna;;Ampheuterna;;;;;;;;;x
b_ampheuterna_2_adj;Ampheuternan;;ampheuterner;;;;;;;;;;;x
b_ampheuterna_3;Ampheuterna;Ampheuterna;Ampheuterna;;Ampheuterna;;;;;;;;;x
b_ampheuterna_3_adj;Ampheuternan;;ampheuterner;;;;;;;;;;;x
b_ancobia;Ancobia;Ancobia;Ancobia;;Ancobia;;;;;;;;;x
b_ancobia_adj;Ancobian;;ancober;;;;;;;;;;;x
b_andirma;Andirma;Andirma;Andirma;;Andirma;;;;;;;;;x
b_andirma_adj;Andirman;;andirmer;;;;;;;;;;;x
b_anesbes;Anesbes;Anesbes;Anesbes;;Anesbes;;;;;;;;;x
b_anesbes_adj;Anesbesian;;anesbeser;;;;;;;;;;;x
b_aninic;Aninic;Aninic;Aninic;;Aninic;;;;;;;;;x
b_aninic_adj;Aninician;;aninicer;;;;;;;;;;;x
b_ansis;Ansis;Ansis;Ansis;;Ansis;;;;;;;;;x
b_ansis_adj;Ansisian;;ansiser;;;;;;;;;;;x
b_aoric;Aoric;Aoric;Aoric;;Aoric;;;;;;;;;x
b_aoric_adj;Aorician;;aoricer;;;;;;;;;;;x
b_aphea;Aphea;Aphea;Aphea;;Aphea;;;;;;;;;x
b_aphea_adj;Aphean;;apher;;;;;;;;;;;x
b_aqdandira;Aqdandira;Aqdandira;Aqdandira;;Aqdandira;;;;;;;;;x
b_aqdandira_adj;Aqdandiran;;aqdandirer;;;;;;;;;;;x
b_aquoqf;Aquoqf;Aquoqf;Aquoqf;;Aquoqf;;;;;;;;;x
b_aquoqf_adj;Aquoqfian;;aquoqfer;;;;;;;;;;;x
b_aratia;Aratia;Aratia;Aratia;;Aratia;;;;;;;;;x
b_aratia_adj;Aratian;;arater;;;;;;;;;;;x
b_ardaris;Ardaris;Ardaris;Ardaris;;Ardaris;;;;;;;;;x
b_ardaris_adj;Ardarisian;;ardariser;;;;;;;;;;;x
b_ardzruni;Ardzruni;Ardzruni;Ardzruni;;Ardzruni;;;;;;;;;x
b_ardzruni_adj;Ardzrunian;;ardzruner;;;;;;;;;;;x
b_ardzruni_2;Ardzruni;Ardzruni;Ardzruni;;Ardzruni;;;;;;;;;x
b_ardzruni_2_adj;Ardzrunian;;ardzruner;;;;;;;;;;;x
b_areliani;Areliani;Areliani;Areliani;;Areliani;;;;;;;;;x
b_areliani_adj;Arelianian;;arelianer;;;;;;;;;;;x
b_areliani_2;Areliani;Areliani;Areliani;;Areliani;;;;;;;;;x
b_areliani_2_adj;Arelianian;;arelianer;;;;;;;;;;;x
b_areliani_3;Areliani;Areliani;Areliani;;Areliani;;;;;;;;;x
b_areliani_3_adj;Arelianian;;arelianer;;;;;;;;;;;x
b_areliani_4;Areliani;Areliani;Areliani;;Areliani;;;;;;;;;x
b_areliani_4_adj;Arelianian;;arelianer;;;;;;;;;;;x
b_areliani_5;Areliani;Areliani;Areliani;;Areliani;;;;;;;;;x
b_areliani_5_adj;Arelianian;;arelianer;;;;;;;;;;;x
b_areliani_6;Areliani;Areliani;Areliani;;Areliani;;;;;;;;;x
b_areliani_6_adj;Arelianian;;arelianer;;;;;;;;;;;x
b_arnegliscus;Arnegliscus;Arnegliscus;Arnegliscus;;Arnegliscus;;;;;;;;;x
b_arnegliscus_adj;Arnegliscusian;;arnegliscuser;;;;;;;;;;;x
b_arpaqui;Arpaqui;Arpaqui;Arpaqui;;Arpaqui;;;;;;;;;x
b_arpaqui_adj;Arpaqian;;arpaqer;;;;;;;;;;;x
b_arrinenze;Arrinenze;Arrinenze;Arrinenze;;Arrinenze;;;;;;;;;x
b_arrinenze_adj;Arrinenzean;;arrinenzer;;;;;;;;;;;x
b_arrinenze_2;Arrinenze;Arrinenze;Arrinenze;;Arrinenze;;;;;;;;;x
b_arrinenze_2_adj;Arrinenzean;;arrinenzer;;;;;;;;;;;x
b_arrinenze_3;Arrinenze;Arrinenze;Arrinenze;;Arrinenze;;;;;;;;;x
b_arrinenze_3_adj;Arrinenzean;;arrinenzer;;;;;;;;;;;x
b_arrinenze_4;Arrinenze;Arrinenze;Arrinenze;;Arrinenze;;;;;;;;;x
b_arrinenze_4_adj;Arrinenzean;;arrinenzer;;;;;;;;;;;x
b_arrinenze_5;Arrinenze;Arrinenze;Arrinenze;;Arrinenze;;;;;;;;;x
b_arrinenze_5_adj;Arrinenzean;;arrinenzer;;;;;;;;;;;x
b_arsultacz;Arsultacz;Arsultacz;Arsultacz;;Arsultacz;;;;;;;;;x
b_arsultacz_adj;Arsultaczian;;arsultaczer;;;;;;;;;;;x
b_aryyat;Aryyat;Aryyat;Aryyat;;Aryyat;;;;;;;;;x
b_aryyat_adj;Aryyatian;;aryyater;;;;;;;;;;;x
b_ascogna;Ascogna;Ascogna;Ascogna;;Ascogna;;;;;;;;;x
b_ascogna_adj;Ascognan;;ascogner;;;;;;;;;;;x
b_ascogna_2;Ascogna;Ascogna;Ascogna;;Ascogna;;;;;;;;;x
b_ascogna_2_adj;Ascognan;;ascogner;;;;;;;;;;;x
b_ascogna_3;Ascogna;Ascogna;Ascogna;;Ascogna;;;;;;;;;x
b_ascogna_3_adj;Ascognan;;ascogner;;;;;;;;;;;x
b_ascogna_4;Ascogna;Ascogna;Ascogna;;Ascogna;;;;;;;;;x
b_ascogna_4_adj;Ascognan;;ascogner;;;;;;;;;;;x
b_ascogna_5;Ascogna;Ascogna;Ascogna;;Ascogna;;;;;;;;;x
b_ascogna_5_adj;Ascognan;;ascogner;;;;;;;;;;;x
b_ashni;Ashni;Ashni;Ashni;;Ashni;;;;;;;;;x
b_ashni_adj;Ashnian;;ashner;;;;;;;;;;;x
b_ashni_2;Ashni;Ashni;Ashni;;Ashni;;;;;;;;;x
b_ashni_2_adj;Ashnian;;ashner;;;;;;;;;;;x
b_ashni_3;Ashni;Ashni;Ashni;;Ashni;;;;;;;;;x
b_ashni_3_adj;Ashnian;;ashner;;;;;;;;;;;x
b_ashni_4;Ashni;Ashni;Ashni;;Ashni;;;;;;;;;x
b_ashni_4_adj;Ashnian;;ashner;;;;;;;;;;;x
b_ashni_5;Ashni;Ashni;Ashni;;Ashni;;;;;;;;;x
b_ashni_5_adj;Ashnian;;ashner;;;;;;;;;;;x
b_askorven;Askorven;Askorven;Askorven;;Askorven;;;;;;;;;x
b_askorven_adj;Askorvenian;;askorvener;;;;;;;;;;;x
b_askorven_2;Askorven;Askorven;Askorven;;Askorven;;;;;;;;;x
b_askorven_2_adj;Askorvenian;;askorvener;;;;;;;;;;;x
b_askorven_3;Askorven;Askorven;Askorven;;Askorven;;;;;;;;;x
b_askorven_3_adj;Askorvenian;;askorvener;;;;;;;;;;;x
b_askorven_4;Askorven;Askorven;Askorven;;Askorven;;;;;;;;;x
b_askorven_4_adj;Askorvenian;;askorvener;;;;;;;;;;;x
b_at_hath;At Hath;At Hath;At Hath;;At Hath;;;;;;;;;x
b_at_hath_adj;At Hathian;;At Hather;;;;;;;;;;;x
b_at_tarnah;At Tarnah;At Tarnah;At Tarnah;;At Tarnah;;;;;;;;;x
b_at_tarnah_adj;At Tarnahian;;At Tarnaher;;;;;;;;;;;x
b_atara;Atara;Atara;Atara;;Atara;;;;;;;;;x
b_atara_adj;Ataran;;atarer;;;;;;;;;;;x
b_athagas;Athagas;Athagas;Athagas;;Athagas;;;;;;;;;x
b_athagas_adj;Athagasian;;athagaser;;;;;;;;;;;x
b_athalar;Athalar;Athalar;Athalar;;Athalar;;;;;;;;;x
b_athalar_adj;Athalarian;;athalarer;;;;;;;;;;;x
b_augusta;Augusta;Augusta;Augusta;;Augusta;;;;;;;;;x
b_augusta_adj;Augustan;;auguster;;;;;;;;;;;x
b_augusta_2;Augusta;Augusta;Augusta;;Augusta;;;;;;;;;x
b_augusta_2_adj;Augustan;;auguster;;;;;;;;;;;x
b_augusta_3;Augusta;Augusta;Augusta;;Augusta;;;;;;;;;x
b_augusta_3_adj;Augustan;;auguster;;;;;;;;;;;x
b_augusta_4;Augusta;Augusta;Augusta;;Augusta;;;;;;;;;x
b_augusta_4_adj;Augustan;;auguster;;;;;;;;;;;x
b_augusta_5;Augusta;Augusta;Augusta;;Augusta;;;;;;;;;x
b_augusta_5_adj;Augustan;;auguster;;;;;;;;;;;x
b_avedis;Avedis;Avedis;Avedis;;Avedis;;;;;;;;;x
b_avedis_adj;Avedisian;;avediser;;;;;;;;;;;x
b_aveigre;Aveigre;Aveigre;Aveigre;;Aveigre;;;;;;;;;x
b_aveigre_adj;Aveigrean;;aveigrer;;;;;;;;;;;x
b_aveigre_2;Aveigre;Aveigre;Aveigre;;Aveigre;;;;;;;;;x
b_aveigre_2_adj;Aveigrean;;aveigrer;;;;;;;;;;;x
b_aveigre_3;Aveigre;Aveigre;Aveigre;;Aveigre;;;;;;;;;x
b_aveigre_3_adj;Aveigrean;;aveigrer;;;;;;;;;;;x
b_aveigre_4;Aveigre;Aveigre;Aveigre;;Aveigre;;;;;;;;;x
b_aveigre_4_adj;Aveigrean;;aveigrer;;;;;;;;;;;x
b_aveirta;Aveirta;Aveirta;Aveirta;;Aveirta;;;;;;;;;x
b_aveirta_adj;Aveirtan;;aveirter;;;;;;;;;;;x
b_aveirta_2;Aveirta;Aveirta;Aveirta;;Aveirta;;;;;;;;;x
b_aveirta_2_adj;Aveirtan;;aveirter;;;;;;;;;;;x
b_aveirta_3;Aveirta;Aveirta;Aveirta;;Aveirta;;;;;;;;;x
b_aveirta_3_adj;Aveirtan;;aveirter;;;;;;;;;;;x
b_aveirta_4;Aveirta;Aveirta;Aveirta;;Aveirta;;;;;;;;;x
b_aveirta_4_adj;Aveirtan;;aveirter;;;;;;;;;;;x
b_aveirta_5;Aveirta;Aveirta;Aveirta;;Aveirta;;;;;;;;;x
b_aveirta_5_adj;Aveirtan;;aveirter;;;;;;;;;;;x
b_aveirta_6;Aveirta;Aveirta;Aveirta;;Aveirta;;;;;;;;;x
b_aveirta_6_adj;Aveirtan;;aveirter;;;;;;;;;;;x
b_aveirta_7;Aveirta;Aveirta;Aveirta;;Aveirta;;;;;;;;;x
b_aveirta_7_adj;Aveirtan;;aveirter;;;;;;;;;;;x
b_aveisa;Aveisa;Aveisa;Aveisa;;Aveisa;;;;;;;;;x
b_aveisa_adj;Aveisan;;aveiser;;;;;;;;;;;x
b_aveisa_2;Aveisa;Aveisa;Aveisa;;Aveisa;;;;;;;;;x
b_aveisa_2_adj;Aveisan;;aveiser;;;;;;;;;;;x
b_aveisa_3;Aveisa;Aveisa;Aveisa;;Aveisa;;;;;;;;;x
b_aveisa_3_adj;Aveisan;;aveiser;;;;;;;;;;;x
b_aveisa_4;Aveisa;Aveisa;Aveisa;;Aveisa;;;;;;;;;x
b_aveisa_4_adj;Aveisan;;aveiser;;;;;;;;;;;x
b_aveisa_5;Aveisa;Aveisa;Aveisa;;Aveisa;;;;;;;;;x
b_aveisa_5_adj;Aveisan;;aveiser;;;;;;;;;;;x
b_aviet;Aviet;Aviet;Aviet;;Aviet;;;;;;;;;x
b_aviet_adj;Avietian;;avieter;;;;;;;;;;;x
b_avirias;Avirias;Avirias;Avirias;;Avirias;;;;;;;;;x
b_avirias_adj;Aviriasian;;aviriaser;;;;;;;;;;;x
b_avitivi;Avitivi;Avitivi;Avitivi;;Avitivi;;;;;;;;;x
b_avitivi_adj;Avitivian;;avitiver;;;;;;;;;;;x
b_avitivi_2;Avitivi;Avitivi;Avitivi;;Avitivi;;;;;;;;;x
b_avitivi_2_adj;Avitivian;;avitiver;;;;;;;;;;;x
b_avitivi_3;Avitivi;Avitivi;Avitivi;;Avitivi;;;;;;;;;x
b_avitivi_3_adj;Avitivian;;avitiver;;;;;;;;;;;x
b_avitivi_4;Avitivi;Avitivi;Avitivi;;Avitivi;;;;;;;;;x
b_avitivi_4_adj;Avitivian;;avitiver;;;;;;;;;;;x
b_avitivi_5;Avitivi;Avitivi;Avitivi;;Avitivi;;;;;;;;;x
b_avitivi_5_adj;Avitivian;;avitiver;;;;;;;;;;;x
b_avitivi_6;Avitivi;Avitivi;Avitivi;;Avitivi;;;;;;;;;x
b_avitivi_6_adj;Avitivian;;avitiver;;;;;;;;;;;x
b_avrentii;Avrentii;Avrentii;Avrentii;;Avrentii;;;;;;;;;x
b_avrentii_adj;Avrentian;;avrenter;;;;;;;;;;;x
b_azilencii;Azilencii;Azilencii;Azilencii;;Azilencii;;;;;;;;;x
b_azilencii_adj;Azilencian;;azilencer;;;;;;;;;;;x
b_bababelat;Bababelat;Bababelat;Bababelat;;Bababelat;;;;;;;;;x
b_bababelat_adj;Bababelatian;;bababelater;;;;;;;;;;;x
b_bababelat_2;Bababelat;Bababelat;Bababelat;;Bababelat;;;;;;;;;x
b_bababelat_2_adj;Bababelatian;;bababelater;;;;;;;;;;;x
b_bababelat_3;Bababelat;Bababelat;Bababelat;;Bababelat;;;;;;;;;x
b_bababelat_3_adj;Bababelatian;;bababelater;;;;;;;;;;;x
b_badekli;Badekli;Badekli;Badekli;;Badekli;;;;;;;;;x
b_badekli_adj;Badeklian;;badekler;;;;;;;;;;;x
b_bagratun;Bagratun;Bagratun;Bagratun;;Bagratun;;;;;;;;;x
b_bagratun_adj;Bagratunian;;bagratuner;;;;;;;;;;;x
b_balik;Balik;Balik;Balik;;Balik;;;;;;;;;x
b_balik_adj;Balikian;;baliker;;;;;;;;;;;x
b_baquji;Baquji;Baquji;Baquji;;Baquji;;;;;;;;;x
b_baquji_adj;Baqujian;;baqujer;;;;;;;;;;;x
b_baquush;Baquush;Baquush;Baquush;;Baquush;;;;;;;;;x
b_baquush_adj;Baquushian;;baquusher;;;;;;;;;;;x
b_barata;Barata;Barata;Barata;;Barata;;;;;;;;;x
b_barata_adj;Baratan;;barater;;;;;;;;;;;x
b_barata_2;Barata;Barata;Barata;;Barata;;;;;;;;;x
b_barata_2_adj;Baratan;;barater;;;;;;;;;;;x
b_barata_3;Barata;Barata;Barata;;Barata;;;;;;;;;x
b_barata_3_adj;Baratan;;barater;;;;;;;;;;;x
b_barata_4;Barata;Barata;Barata;;Barata;;;;;;;;;x
b_barata_4_adj;Baratan;;barater;;;;;;;;;;;x
b_barata_5;Barata;Barata;Barata;;Barata;;;;;;;;;x
b_barata_5_adj;Baratan;;barater;;;;;;;;;;;x
b_barata_6;Barata;Barata;Barata;;Barata;;;;;;;;;x
b_barata_6_adj;Baratan;;barater;;;;;;;;;;;x
b_barcerouca;Barcerouca;Barcerouca;Barcerouca;;Barcerouca;;;;;;;;;x
b_barcerouca_adj;Barceroucan;;barceroucer;;;;;;;;;;;x
b_barequa;Barequa;Barequa;Barequa;;Barequa;;;;;;;;;x
b_barequa_adj;Barequan;;bareqer;;;;;;;;;;;x
b_baroli;Baroli;Baroli;Baroli;;Baroli;;;;;;;;;x
b_baroli_adj;Barolian;;baroler;;;;;;;;;;;x
b_barrita;Barrita;Barrita;Barrita;;Barrita;;;;;;;;;x
b_barrita_adj;Barritan;;barriter;;;;;;;;;;;x
b_barsa;Barsa;Barsa;Barsa;;Barsa;;;;;;;;;x
b_barsa_adj;Barsan;;barser;;;;;;;;;;;x
b_bavica;Bavica;Bavica;Bavica;;Bavica;;;;;;;;;x
b_bavica_adj;Bavican;;bavicer;;;;;;;;;;;x
b_bayatah;Bayatah;Bayatah;Bayatah;;Bayatah;;;;;;;;;x
b_bayatah_adj;Bayatahian;;bayataher;;;;;;;;;;;x
b_bayatah_2;Bayatah;Bayatah;Bayatah;;Bayatah;;;;;;;;;x
b_bayatah_2_adj;Bayatahian;;bayataher;;;;;;;;;;;x
b_bayatah_3;Bayatah;Bayatah;Bayatah;;Bayatah;;;;;;;;;x
b_bayatah_3_adj;Bayatahian;;bayataher;;;;;;;;;;;x
b_bayatah_4;Bayatah;Bayatah;Bayatah;;Bayatah;;;;;;;;;x
b_bayatah_4_adj;Bayatahian;;bayataher;;;;;;;;;;;x
b_bayittin;Bayittin;Bayittin;Bayittin;;Bayittin;;;;;;;;;x
b_bayittin_adj;Bayittinian;;bayittiner;;;;;;;;;;;x
b_benigona;Benigona;Benigona;Benigona;;Benigona;;;;;;;;;x
b_benigona_adj;Benigonan;;benigoner;;;;;;;;;;;x
b_beninsa;Beninsa;Beninsa;Beninsa;;Beninsa;;;;;;;;;x
b_beninsa_adj;Beninsan;;beninser;;;;;;;;;;;x
b_berbat;Berbat;Berbat;Berbat;;Berbat;;;;;;;;;x
b_berbat_adj;Berbatian;;berbater;;;;;;;;;;;x
b_berbat_2;Berbat;Berbat;Berbat;;Berbat;;;;;;;;;x
b_berbat_2_adj;Berbatian;;berbater;;;;;;;;;;;x
b_berbat_3;Berbat;Berbat;Berbat;;Berbat;;;;;;;;;x
b_berbat_3_adj;Berbatian;;berbater;;;;;;;;;;;x
b_berbat_4;Berbat;Berbat;Berbat;;Berbat;;;;;;;;;x
b_berbat_4_adj;Berbatian;;berbater;;;;;;;;;;;x
b_berj;Berj;Berj;Berj;;Berj;;;;;;;;;x
b_berj_adj;Berjian;;berjer;;;;;;;;;;;x
b_bijast;Bijast;Bijast;Bijast;;Bijast;;;;;;;;;x
b_bijast_adj;Bijastian;;bijaster;;;;;;;;;;;x
b_bobrozan;Bobrozan;Bobrozan;Bobrozan;;Bobrozan;;;;;;;;;x
b_bobrozan_adj;Bobrozanian;;bobrozaner;;;;;;;;;;;x
b_bonaquer;Bonaquer;Bonaquer;Bonaquer;;Bonaquer;;;;;;;;;x
b_bonaquer_adj;Bonaquerian;;bonaquerer;;;;;;;;;;;x
b_bonenia;Bonenia;Bonenia;Bonenia;;Bonenia;;;;;;;;;x
b_bonenia_adj;Bonenian;;bonener;;;;;;;;;;;x
b_bonenia_2;Bonenia;Bonenia;Bonenia;;Bonenia;;;;;;;;;x
b_bonenia_2_adj;Bonenian;;bonener;;;;;;;;;;;x
b_bonenia_3;Bonenia;Bonenia;Bonenia;;Bonenia;;;;;;;;;x
b_bonenia_3_adj;Bonenian;;bonener;;;;;;;;;;;x
b_bonenia_4;Bonenia;Bonenia;Bonenia;;Bonenia;;;;;;;;;x
b_bonenia_4_adj;Bonenian;;bonener;;;;;;;;;;;x
b_boscaril;Boscaril;Boscaril;Boscaril;;Boscaril;;;;;;;;;x
b_boscaril_adj;Boscarilian;;boscariler;;;;;;;;;;;x
b_boscaril_2;Boscaril;Boscaril;Boscaril;;Boscaril;;;;;;;;;x
b_boscaril_2_adj;Boscarilian;;boscariler;;;;;;;;;;;x
b_boscaril_3;Boscaril;Boscaril;Boscaril;;Boscaril;;;;;;;;;x
b_boscaril_3_adj;Boscarilian;;boscariler;;;;;;;;;;;x
b_boscaril_4;Boscaril;Boscaril;Boscaril;;Boscaril;;;;;;;;;x
b_boscaril_4_adj;Boscarilian;;boscariler;;;;;;;;;;;x
b_boscaril_5;Boscaril;Boscaril;Boscaril;;Boscaril;;;;;;;;;x
b_boscaril_5_adj;Boscarilian;;boscariler;;;;;;;;;;;x
b_botondicksi;Botondicksi;Botondicksi;Botondicksi;;Botondicksi;;;;;;;;;x
b_botondicksi_adj;Botondicksian;;botondickser;;;;;;;;;;;x
b_botondicksi_2;Botondicksi;Botondicksi;Botondicksi;;Botondicksi;;;;;;;;;x
b_botondicksi_2_adj;Botondicksian;;botondickser;;;;;;;;;;;x
b_botondicksi_3;Botondicksi;Botondicksi;Botondicksi;;Botondicksi;;;;;;;;;x
b_botondicksi_3_adj;Botondicksian;;botondickser;;;;;;;;;;;x
b_bozakot;Bozakot;Bozakot;Bozakot;;Bozakot;;;;;;;;;x
b_bozakot_adj;Bozakotian;;bozakoter;;;;;;;;;;;x
b_bozakot_2;Bozakot;Bozakot;Bozakot;;Bozakot;;;;;;;;;x
b_bozakot_2_adj;Bozakotian;;bozakoter;;;;;;;;;;;x
b_bozakot_3;Bozakot;Bozakot;Bozakot;;Bozakot;;;;;;;;;x
b_bozakot_3_adj;Bozakotian;;bozakoter;;;;;;;;;;;x
b_bozakot_4;Bozakot;Bozakot;Bozakot;;Bozakot;;;;;;;;;x
b_bozakot_4_adj;Bozakotian;;bozakoter;;;;;;;;;;;x
b_bozakot_5;Bozakot;Bozakot;Bozakot;;Bozakot;;;;;;;;;x
b_bozakot_5_adj;Bozakotian;;bozakoter;;;;;;;;;;;x
b_brandila;Brandila;Brandila;Brandila;;Brandila;;;;;;;;;x
b_brandila_adj;Brandilan;;brandiler;;;;;;;;;;;x
b_braria;Braria;Braria;Braria;;Braria;;;;;;;;;x
b_braria_adj;Brarian;;brarer;;;;;;;;;;;x
b_braria_2;Braria;Braria;Braria;;Braria;;;;;;;;;x
b_braria_2_adj;Brarian;;brarer;;;;;;;;;;;x
b_braria_3;Braria;Braria;Braria;;Braria;;;;;;;;;x
b_braria_3_adj;Brarian;;brarer;;;;;;;;;;;x
b_braria_4;Braria;Braria;Braria;;Braria;;;;;;;;;x
b_braria_4_adj;Brarian;;brarer;;;;;;;;;;;x
b_braria_5;Braria;Braria;Braria;;Braria;;;;;;;;;x
b_braria_5_adj;Brarian;;brarer;;;;;;;;;;;x
b_brasebes;Brasebes;Brasebes;Brasebes;;Brasebes;;;;;;;;;x
b_brasebes_adj;Brasebesian;;brasebeser;;;;;;;;;;;x
b_braurelea;Braurelea;Braurelea;Braurelea;;Braurelea;;;;;;;;;x
b_braurelea_adj;Braurelean;;braureler;;;;;;;;;;;x
b_brezske;Brezske;Brezske;Brezske;;Brezske;;;;;;;;;x
b_brezske_adj;Brezskean;;brezsker;;;;;;;;;;;x
b_brirbo;Brirbo;Brirbo;Brirbo;;Brirbo;;;;;;;;;x
b_brirbo_adj;Brirbian;;brirber;;;;;;;;;;;x
b_brirbo_2;Brirbo;Brirbo;Brirbo;;Brirbo;;;;;;;;;x
b_brirbo_2_adj;Brirbian;;brirber;;;;;;;;;;;x
b_brirbo_3;Brirbo;Brirbo;Brirbo;;Brirbo;;;;;;;;;x
b_brirbo_3_adj;Brirbian;;brirber;;;;;;;;;;;x
b_brirbo_4;Brirbo;Brirbo;Brirbo;;Brirbo;;;;;;;;;x
b_brirbo_4_adj;Brirbian;;brirber;;;;;;;;;;;x
b_callatis;Callatis;Callatis;Callatis;;Callatis;;;;;;;;;x
b_callatis_adj;Callatisian;;callatiser;;;;;;;;;;;x
b_callatis_2;Callatis;Callatis;Callatis;;Callatis;;;;;;;;;x
b_callatis_2_adj;Callatisian;;callatiser;;;;;;;;;;;x
b_callatis_3;Callatis;Callatis;Callatis;;Callatis;;;;;;;;;x
b_callatis_3_adj;Callatisian;;callatiser;;;;;;;;;;;x
b_callatis_4;Callatis;Callatis;Callatis;;Callatis;;;;;;;;;x
b_callatis_4_adj;Callatisian;;callatiser;;;;;;;;;;;x
b_callatis_5;Callatis;Callatis;Callatis;;Callatis;;;;;;;;;x
b_callatis_5_adj;Callatisian;;callatiser;;;;;;;;;;;x
b_caltasello;Caltasello;Caltasello;Caltasello;;Caltasello;;;;;;;;;x
b_caltasello_adj;Caltasellian;;caltaseller;;;;;;;;;;;x
b_caltasello_2;Caltasello;Caltasello;Caltasello;;Caltasello;;;;;;;;;x
b_caltasello_2_adj;Caltasellian;;caltaseller;;;;;;;;;;;x
b_caltasello_3;Caltasello;Caltasello;Caltasello;;Caltasello;;;;;;;;;x
b_caltasello_3_adj;Caltasellian;;caltaseller;;;;;;;;;;;x
b_caltasello_4;Caltasello;Caltasello;Caltasello;;Caltasello;;;;;;;;;x
b_caltasello_4_adj;Caltasellian;;caltaseller;;;;;;;;;;;x
b_caltasello_5;Caltasello;Caltasello;Caltasello;;Caltasello;;;;;;;;;x
b_caltasello_5_adj;Caltasellian;;caltaseller;;;;;;;;;;;x
b_camerinum;Camerinum;Camerinum;Camerinum;;Camerinum;;;;;;;;;x
b_camerinum_adj;Camerinumian;;camerinumer;;;;;;;;;;;x
b_camerinum_2;Camerinum;Camerinum;Camerinum;;Camerinum;;;;;;;;;x
b_camerinum_2_adj;Camerinumian;;camerinumer;;;;;;;;;;;x
b_camerinum_3;Camerinum;Camerinum;Camerinum;;Camerinum;;;;;;;;;x
b_camerinum_3_adj;Camerinumian;;camerinumer;;;;;;;;;;;x
b_camerinum_4;Camerinum;Camerinum;Camerinum;;Camerinum;;;;;;;;;x
b_camerinum_4_adj;Camerinumian;;camerinumer;;;;;;;;;;;x
b_camoz;Camoz;Camoz;Camoz;;Camoz;;;;;;;;;x
b_camoz_adj;Camozian;;camozer;;;;;;;;;;;x
b_caprera;Caprera;Caprera;Caprera;;Caprera;;;;;;;;;x
b_caprera_adj;Capreran;;caprerer;;;;;;;;;;;x
b_caprera_2;Caprera;Caprera;Caprera;;Caprera;;;;;;;;;x
b_caprera_2_adj;Capreran;;caprerer;;;;;;;;;;;x
b_caprera_3;Caprera;Caprera;Caprera;;Caprera;;;;;;;;;x
b_caprera_3_adj;Capreran;;caprerer;;;;;;;;;;;x
b_caprera_4;Caprera;Caprera;Caprera;;Caprera;;;;;;;;;x
b_caprera_4_adj;Capreran;;caprerer;;;;;;;;;;;x
b_carizquale;Carizquale;Carizquale;Carizquale;;Carizquale;;;;;;;;;x
b_carizquale_adj;Carizqualean;;carizqualer;;;;;;;;;;;x
b_cartania;Cartania;Cartania;Cartania;;Cartania;;;;;;;;;x
b_cartania_adj;Cartanian;;cartaner;;;;;;;;;;;x
b_casemezia;Casemezia;Casemezia;Casemezia;;Casemezia;;;;;;;;;x
b_casemezia_adj;Casemezian;;casemezer;;;;;;;;;;;x
b_caseni;Caseni;Caseni;Caseni;;Caseni;;;;;;;;;x
b_caseni_adj;Casenian;;casener;;;;;;;;;;;x
b_castela;Castela;Castela;Castela;;Castela;;;;;;;;;x
b_castela_adj;Castelan;;casteler;;;;;;;;;;;x
b_castellarsa;Castellarsa;Castellarsa;Castellarsa;;Castellarsa;;;;;;;;;x
b_castellarsa_adj;Castellarsan;;castellarser;;;;;;;;;;;x
b_castelvecchio;Castelvecchio;Castelvecchio;Castelvecchio;;Castelvecchio;;;;;;;;;x
b_castelvecchio_adj;Castelvecchian;;castelveccher;;;;;;;;;;;x
b_castelvecchio_2;Castelvecchio;Castelvecchio;Castelvecchio;;Castelvecchio;;;;;;;;;x
b_castelvecchio_2_adj;Castelvecchian;;castelveccher;;;;;;;;;;;x
b_castelvecchio_3;Castelvecchio;Castelvecchio;Castelvecchio;;Castelvecchio;;;;;;;;;x
b_castelvecchio_3_adj;Castelvecchian;;castelveccher;;;;;;;;;;;x
b_castelvecchio_4;Castelvecchio;Castelvecchio;Castelvecchio;;Castelvecchio;;;;;;;;;x
b_castelvecchio_4_adj;Castelvecchian;;castelveccher;;;;;;;;;;;x
b_castelvecchio_5;Castelvecchio;Castelvecchio;Castelvecchio;;Castelvecchio;;;;;;;;;x
b_castelvecchio_5_adj;Castelvecchian;;castelveccher;;;;;;;;;;;x
b_castirias;Castirias;Castirias;Castirias;;Castirias;;;;;;;;;x
b_castirias_adj;Castiriasian;;castiriaser;;;;;;;;;;;x
b_cativa;Cativa;Cativa;Cativa;;Cativa;;;;;;;;;x
b_cativa_adj;Cativan;;cativer;;;;;;;;;;;x
b_cattala;Cattala;Cattala;Cattala;;Cattala;;;;;;;;;x
b_cattala_adj;Cattalan;;cattaler;;;;;;;;;;;x
b_cayika;Cayika;Cayika;Cayika;;Cayika;;;;;;;;;x
b_cayika_adj;Cayikan;;cayiker;;;;;;;;;;;x
b_cayika_2;Cayika;Cayika;Cayika;;Cayika;;;;;;;;;x
b_cayika_2_adj;Cayikan;;cayiker;;;;;;;;;;;x
b_cayika_3;Cayika;Cayika;Cayika;;Cayika;;;;;;;;;x
b_cayika_3_adj;Cayikan;;cayiker;;;;;;;;;;;x
b_cerissu;Cerissu;Cerissu;Cerissu;;Cerissu;;;;;;;;;x
b_cerissu_adj;Cerissian;;cerisser;;;;;;;;;;;x
b_cervinja;Cervinja;Cervinja;Cervinja;;Cervinja;;;;;;;;;x
b_cervinja_adj;Cervinjan;;cervinjer;;;;;;;;;;;x
b_cisnalonta;Cisnalonta;Cisnalonta;Cisnalonta;;Cisnalonta;;;;;;;;;x
b_cisnalonta_adj;Cisnalontan;;cisnalonter;;;;;;;;;;;x
b_cnidaros;Cnidaros;Cnidaros;Cnidaros;;Cnidaros;;;;;;;;;x
b_cnidaros_adj;Cnidarosian;;cnidaroser;;;;;;;;;;;x
b_cnidaros_2;Cnidaros;Cnidaros;Cnidaros;;Cnidaros;;;;;;;;;x
b_cnidaros_2_adj;Cnidarosian;;cnidaroser;;;;;;;;;;;x
b_cnidaros_3;Cnidaros;Cnidaros;Cnidaros;;Cnidaros;;;;;;;;;x
b_cnidaros_3_adj;Cnidarosian;;cnidaroser;;;;;;;;;;;x
b_cnidaros_4;Cnidaros;Cnidaros;Cnidaros;;Cnidaros;;;;;;;;;x
b_cnidaros_4_adj;Cnidarosian;;cnidaroser;;;;;;;;;;;x
b_cniva;Cniva;Cniva;Cniva;;Cniva;;;;;;;;;x
b_cniva_adj;Cnivan;;cniver;;;;;;;;;;;x
b_corceiros;Corceiros;Corceiros;Corceiros;;Corceiros;;;;;;;;;x
b_corceiros_adj;Corceirosian;;corceiroser;;;;;;;;;;;x
b_corcespiae;Corcespiae;Corcespiae;Corcespiae;;Corcespiae;;;;;;;;;x
b_corcespiae_adj;Corcespiaean;;corcesper;;;;;;;;;;;x
b_corcespiae_2;Corcespiae;Corcespiae;Corcespiae;;Corcespiae;;;;;;;;;x
b_corcespiae_2_adj;Corcespiaean;;corcesper;;;;;;;;;;;x
b_corcespiae_3;Corcespiae;Corcespiae;Corcespiae;;Corcespiae;;;;;;;;;x
b_corcespiae_3_adj;Corcespiaean;;corcesper;;;;;;;;;;;x
b_corcespiae_4;Corcespiae;Corcespiae;Corcespiae;;Corcespiae;;;;;;;;;x
b_corcespiae_4_adj;Corcespiaean;;corcesper;;;;;;;;;;;x
b_cota;Cota;Cota;Cota;;Cota;;;;;;;;;x
b_cota_adj;Cotan;;coter;;;;;;;;;;;x
b_croton;Croton;Croton;Croton;;Croton;;;;;;;;;x
b_croton_adj;Crotonian;;crotoner;;;;;;;;;;;x
b_croton_2;Croton;Croton;Croton;;Croton;;;;;;;;;x
b_croton_2_adj;Crotonian;;crotoner;;;;;;;;;;;x
b_croton_3;Croton;Croton;Croton;;Croton;;;;;;;;;x
b_croton_3_adj;Crotonian;;crotoner;;;;;;;;;;;x
b_croton_4;Croton;Croton;Croton;;Croton;;;;;;;;;x
b_croton_4_adj;Crotonian;;crotoner;;;;;;;;;;;x
b_csonkal;Csonkal;Csonkal;Csonkal;;Csonkal;;;;;;;;;x
b_csonkal_adj;Csonkalian;;csonkaler;;;;;;;;;;;x
b_csonkal_2;Csonkal;Csonkal;Csonkal;;Csonkal;;;;;;;;;x
b_csonkal_2_adj;Csonkalian;;csonkaler;;;;;;;;;;;x
b_ctehok;Ctehok;Ctehok;Ctehok;;Ctehok;;;;;;;;;x
b_ctehok_adj;Ctehokian;;ctehoker;;;;;;;;;;;x
b_ctesirkuk;Ctesirkuk;Ctesirkuk;Ctesirkuk;;Ctesirkuk;;;;;;;;;x
b_ctesirkuk_adj;Ctesirkukian;;ctesirkuker;;;;;;;;;;;x
b_ctesirkuk_2;Ctesirkuk;Ctesirkuk;Ctesirkuk;;Ctesirkuk;;;;;;;;;x
b_ctesirkuk_2_adj;Ctesirkukian;;ctesirkuker;;;;;;;;;;;x
b_ctesirkuk_3;Ctesirkuk;Ctesirkuk;Ctesirkuk;;Ctesirkuk;;;;;;;;;x
b_ctesirkuk_3_adj;Ctesirkukian;;ctesirkuker;;;;;;;;;;;x
b_ctesirkuk_4;Ctesirkuk;Ctesirkuk;Ctesirkuk;;Ctesirkuk;;;;;;;;;x
b_ctesirkuk_4_adj;Ctesirkukian;;ctesirkuker;;;;;;;;;;;x
b_cuelva;Cuelva;Cuelva;Cuelva;;Cuelva;;;;;;;;;x
b_cuelva_adj;Cuelvan;;cuelver;;;;;;;;;;;x
b_cukunbey;Cukunbey;Cukunbey;Cukunbey;;Cukunbey;;;;;;;;;x
b_cukunbey_adj;Cukunbeian;;cukunbeer;;;;;;;;;;;x
b_cythaca;Cythaca;Cythaca;Cythaca;;Cythaca;;;;;;;;;x
b_cythaca_adj;Cythacan;;cythacer;;;;;;;;;;;x
b_czansk;Czansk;Czansk;Czansk;;Czansk;;;;;;;;;x
b_czansk_adj;Czanskian;;czansker;;;;;;;;;;;x
b_dadekia;Dadekia;Dadekia;Dadekia;;Dadekia;;;;;;;;;x
b_dadekia_adj;Dadekian;;dadeker;;;;;;;;;;;x
b_dahmafour;Dahmafour;Dahmafour;Dahmafour;;Dahmafour;;;;;;;;;x
b_dahmafour_adj;Dahmafourian;;dahmafourer;;;;;;;;;;;x
b_dahmafour_2;Dahmafour;Dahmafour;Dahmafour;;Dahmafour;;;;;;;;;x
b_dahmafour_2_adj;Dahmafourian;;dahmafourer;;;;;;;;;;;x
b_dahmafour_3;Dahmafour;Dahmafour;Dahmafour;;Dahmafour;;;;;;;;;x
b_dahmafour_3_adj;Dahmafourian;;dahmafourer;;;;;;;;;;;x
b_dahmafour_4;Dahmafour;Dahmafour;Dahmafour;;Dahmafour;;;;;;;;;x
b_dahmafour_4_adj;Dahmafourian;;dahmafourer;;;;;;;;;;;x
b_dahmafour_5;Dahmafour;Dahmafour;Dahmafour;;Dahmafour;;;;;;;;;x
b_dahmafour_5_adj;Dahmafourian;;dahmafourer;;;;;;;;;;;x
b_daiyna;Daiyna;Daiyna;Daiyna;;Daiyna;;;;;;;;;x
b_daiyna_adj;Daiynan;;daiyner;;;;;;;;;;;x
b_dalibor;Dalibor;Dalibor;Dalibor;;Dalibor;;;;;;;;;x
b_dalibor_adj;Daliborian;;daliborer;;;;;;;;;;;x
b_damieqiya;Damieqiya;Damieqiya;Damieqiya;;Damieqiya;;;;;;;;;x
b_damieqiya_adj;Damieqiyan;;damieqer;;;;;;;;;;;x
b_decontum;Decontum;Decontum;Decontum;;Decontum;;;;;;;;;x
b_decontum_adj;Decontumian;;decontumer;;;;;;;;;;;x
b_decontum_2;Decontum;Decontum;Decontum;;Decontum;;;;;;;;;x
b_decontum_2_adj;Decontumian;;decontumer;;;;;;;;;;;x
b_decontum_3;Decontum;Decontum;Decontum;;Decontum;;;;;;;;;x
b_decontum_3_adj;Decontumian;;decontumer;;;;;;;;;;;x
b_decontum_4;Decontum;Decontum;Decontum;;Decontum;;;;;;;;;x
b_decontum_4_adj;Decontumian;;decontumer;;;;;;;;;;;x
b_dedecevaz;Dedecevaz;Dedecevaz;Dedecevaz;;Dedecevaz;;;;;;;;;x
b_dedecevaz_adj;Dedecevazian;;dedecevazer;;;;;;;;;;;x
b_dedernas;Dedernas;Dedernas;Dedernas;;Dedernas;;;;;;;;;x
b_dedernas_adj;Dedernasian;;dedernaser;;;;;;;;;;;x
b_dedernas_2;Dedernas;Dedernas;Dedernas;;Dedernas;;;;;;;;;x
b_dedernas_2_adj;Dedernasian;;dedernaser;;;;;;;;;;;x
b_dedernas_3;Dedernas;Dedernas;Dedernas;;Dedernas;;;;;;;;;x
b_dedernas_3_adj;Dedernasian;;dedernaser;;;;;;;;;;;x
b_dedernas_4;Dedernas;Dedernas;Dedernas;;Dedernas;;;;;;;;;x
b_dedernas_4_adj;Dedernasian;;dedernaser;;;;;;;;;;;x
b_delatis;Delatis;Delatis;Delatis;;Delatis;;;;;;;;;x
b_delatis_adj;Delatisian;;delatiser;;;;;;;;;;;x
b_delvaz;Delvaz;Delvaz;Delvaz;;Delvaz;;;;;;;;;x
b_delvaz_adj;Delvazian;;delvazer;;;;;;;;;;;x
b_demir;Demir;Demir;Demir;;Demir;;;;;;;;;x
b_demir_adj;Demirian;;demirer;;;;;;;;;;;x
b_demyria;Demyria;Demyria;Demyria;;Demyria;;;;;;;;;x
b_demyria_adj;Demyrian;;demyrer;;;;;;;;;;;x
b_demyria_2;Demyria;Demyria;Demyria;;Demyria;;;;;;;;;x
b_demyria_2_adj;Demyrian;;demyrer;;;;;;;;;;;x
b_demyria_3;Demyria;Demyria;Demyria;;Demyria;;;;;;;;;x
b_demyria_3_adj;Demyrian;;demyrer;;;;;;;;;;;x
b_demyria_4;Demyria;Demyria;Demyria;;Demyria;;;;;;;;;x
b_demyria_4_adj;Demyrian;;demyrer;;;;;;;;;;;x
b_demyria_5;Demyria;Demyria;Demyria;;Demyria;;;;;;;;;x
b_demyria_5_adj;Demyrian;;demyrer;;;;;;;;;;;x
b_dez;Dez;Dez;Dez;;Dez;;;;;;;;;x
b_dez_adj;Dezian;;dezer;;;;;;;;;;;x
b_dibarut;Dibarut;Dibarut;Dibarut;;Dibarut;;;;;;;;;x
b_dibarut_adj;Dibarutian;;dibaruter;;;;;;;;;;;x
b_didicea;Didicea;Didicea;Didicea;;Didicea;;;;;;;;;x
b_didicea_adj;Didicean;;didicer;;;;;;;;;;;x
b_didicea_2;Didicea;Didicea;Didicea;;Didicea;;;;;;;;;x
b_didicea_2_adj;Didicean;;didicer;;;;;;;;;;;x
b_didicea_3;Didicea;Didicea;Didicea;;Didicea;;;;;;;;;x
b_didicea_3_adj;Didicean;;didicer;;;;;;;;;;;x
b_didicea_4;Didicea;Didicea;Didicea;;Didicea;;;;;;;;;x
b_didicea_4_adj;Didicean;;didicer;;;;;;;;;;;x
b_didicea_5;Didicea;Didicea;Didicea;;Didicea;;;;;;;;;x
b_didicea_5_adj;Didicean;;didicer;;;;;;;;;;;x
b_didicea_6;Didicea;Didicea;Didicea;;Didicea;;;;;;;;;x
b_didicea_6_adj;Didicean;;didicer;;;;;;;;;;;x
b_diminas;Diminas;Diminas;Diminas;;Diminas;;;;;;;;;x
b_diminas_adj;Diminasian;;diminaser;;;;;;;;;;;x
b_dogagmus;Dogagmus;Dogagmus;Dogagmus;;Dogagmus;;;;;;;;;x
b_dogagmus_adj;Dogagmusian;;dogagmuser;;;;;;;;;;;x
b_droresti;Droresti;Droresti;Droresti;;Droresti;;;;;;;;;x
b_droresti_adj;Drorestian;;drorester;;;;;;;;;;;x
b_dubava;Dubava;Dubava;Dubava;;Dubava;;;;;;;;;x
b_dubava_adj;Dubavan;;dubaver;;;;;;;;;;;x
b_dudsta;Dudsta;Dudsta;Dudsta;;Dudsta;;;;;;;;;x
b_dudsta_adj;Dudstan;;dudster;;;;;;;;;;;x
b_dunavec;Dunavec;Dunavec;Dunavec;;Dunavec;;;;;;;;;x
b_dunavec_adj;Dunavecian;;dunavecer;;;;;;;;;;;x
b_duve;Duve;Duve;Duve;;Duve;;;;;;;;;x
b_duve_adj;Duvean;;duver;;;;;;;;;;;x
b_dymydon;Dymydon;Dymydon;Dymydon;;Dymydon;;;;;;;;;x
b_dymydon_adj;Dymydonian;;dymydoner;;;;;;;;;;;x
b_dymydon_2;Dymydon;Dymydon;Dymydon;;Dymydon;;;;;;;;;x
b_dymydon_2_adj;Dymydonian;;dymydoner;;;;;;;;;;;x
b_edetero;Edetero;Edetero;Edetero;;Edetero;;;;;;;;;x
b_edetero_adj;Edeterian;;edeterer;;;;;;;;;;;x
b_egatsi;Egatsi;Egatsi;Egatsi;;Egatsi;;;;;;;;;x
b_egatsi_adj;Egatsian;;egatser;;;;;;;;;;;x
b_egatsi_2;Egatsi;Egatsi;Egatsi;;Egatsi;;;;;;;;;x
b_egatsi_2_adj;Egatsian;;egatser;;;;;;;;;;;x
b_egatsi_3;Egatsi;Egatsi;Egatsi;;Egatsi;;;;;;;;;x
b_egatsi_3_adj;Egatsian;;egatser;;;;;;;;;;;x
b_egatsi_4;Egatsi;Egatsi;Egatsi;;Egatsi;;;;;;;;;x
b_egatsi_4_adj;Egatsian;;egatser;;;;;;;;;;;x
b_ekizi;Ekizi;Ekizi;Ekizi;;Ekizi;;;;;;;;;x
b_ekizi_adj;Ekizian;;ekizer;;;;;;;;;;;x
b_el_geli;El Geli;El Geli;El Geli;;El Geli;;;;;;;;;x
b_el_geli_adj;El Gelian;;El Geler;;;;;;;;;;;x
b_el_geli_2;El Geli;El Geli;El Geli;;El Geli;;;;;;;;;x
b_el_geli_2_adj;El Gelian;;El Geler;;;;;;;;;;;x
b_el_geli_3;El Geli;El Geli;El Geli;;El Geli;;;;;;;;;x
b_el_geli_3_adj;El Gelian;;El Geler;;;;;;;;;;;x
b_el_kecha;El Kecha;El Kecha;El Kecha;;El Kecha;;;;;;;;;x
b_el_kecha_adj;El Kechan;;El Kecher;;;;;;;;;;;x
b_el_kecha_2;El Kecha;El Kecha;El Kecha;;El Kecha;;;;;;;;;x
b_el_kecha_2_adj;El Kechan;;El Kecher;;;;;;;;;;;x
b_el_kecha_3;El Kecha;El Kecha;El Kecha;;El Kecha;;;;;;;;;x
b_el_kecha_3_adj;El Kechan;;El Kecher;;;;;;;;;;;x
b_el_qahagha;El Qahagha;El Qahagha;El Qahagha;;El Qahagha;;;;;;;;;x
b_el_qahagha_adj;El Qahaghan;;El Qahagher;;;;;;;;;;;x
b_el_qahagha_2;El Qahagha;El Qahagha;El Qahagha;;El Qahagha;;;;;;;;;x
b_el_qahagha_2_adj;El Qahaghan;;El Qahagher;;;;;;;;;;;x
b_el_qahagha_3;El Qahagha;El Qahagha;El Qahagha;;El Qahagha;;;;;;;;;x
b_el_qahagha_3_adj;El Qahaghan;;El Qahagher;;;;;;;;;;;x
b_eleutapolis;Eleutapolis;Eleutapolis;Eleutapolis;;Eleutapolis;;;;;;;;;x
b_eleutapolis_adj;Eleutapolisian;;eleutapoliser;;;;;;;;;;;x
b_eleutespontos;Eleutespontos;Eleutespontos;Eleutespontos;;Eleutespontos;;;;;;;;;x
b_eleutespontos_adj;Eleutespontosian;;eleutespontoser;;;;;;;;;;;x
b_eleutespontos_2;Eleutespontos;Eleutespontos;Eleutespontos;;Eleutespontos;;;;;;;;;x
b_eleutespontos_2_adj;Eleutespontosian;;eleutespontoser;;;;;;;;;;;x
b_eleutespontos_3;Eleutespontos;Eleutespontos;Eleutespontos;;Eleutespontos;;;;;;;;;x
b_eleutespontos_3_adj;Eleutespontosian;;eleutespontoser;;;;;;;;;;;x
b_eleutespontos_4;Eleutespontos;Eleutespontos;Eleutespontos;;Eleutespontos;;;;;;;;;x
b_eleutespontos_4_adj;Eleutespontosian;;eleutespontoser;;;;;;;;;;;x
b_elja;Elja;Elja;Elja;;Elja;;;;;;;;;x
b_elja_adj;Eljan;;eljer;;;;;;;;;;;x
b_epidoupoli;Epidoupoli;Epidoupoli;Epidoupoli;;Epidoupoli;;;;;;;;;x
b_epidoupoli_adj;Epidoupolian;;epidoupoler;;;;;;;;;;;x
b_erar;Erar;Erar;Erar;;Erar;;;;;;;;;x
b_erar_adj;Erarian;;erarer;;;;;;;;;;;x
b_ercopoli;Ercopoli;Ercopoli;Ercopoli;;Ercopoli;;;;;;;;;x
b_ercopoli_adj;Ercopolian;;ercopoler;;;;;;;;;;;x
b_ercopoli_2;Ercopoli;Ercopoli;Ercopoli;;Ercopoli;;;;;;;;;x
b_ercopoli_2_adj;Ercopolian;;ercopoler;;;;;;;;;;;x
b_ercopoli_3;Ercopoli;Ercopoli;Ercopoli;;Ercopoli;;;;;;;;;x
b_ercopoli_3_adj;Ercopolian;;ercopoler;;;;;;;;;;;x
b_ercopoli_4;Ercopoli;Ercopoli;Ercopoli;;Ercopoli;;;;;;;;;x
b_ercopoli_4_adj;Ercopolian;;ercopoler;;;;;;;;;;;x
b_ercopoli_5;Ercopoli;Ercopoli;Ercopoli;;Ercopoli;;;;;;;;;x
b_ercopoli_5_adj;Ercopolian;;ercopoler;;;;;;;;;;;x
b_esmeria;Esmeria;Esmeria;Esmeria;;Esmeria;;;;;;;;;x
b_esmeria_adj;Esmerian;;esmerer;;;;;;;;;;;x
b_espiraes;Espiraes;Espiraes;Espiraes;;Espiraes;;;;;;;;;x
b_espiraes_adj;Espiraesian;;espiraeser;;;;;;;;;;;x
b_ezzahtour;Ezzahtour;Ezzahtour;Ezzahtour;;Ezzahtour;;;;;;;;;x
b_ezzahtour_adj;Ezzahtourian;;ezzahtourer;;;;;;;;;;;x
b_ezzahtour_2;Ezzahtour;Ezzahtour;Ezzahtour;;Ezzahtour;;;;;;;;;x
b_ezzahtour_2_adj;Ezzahtourian;;ezzahtourer;;;;;;;;;;;x
b_ezzahtour_3;Ezzahtour;Ezzahtour;Ezzahtour;;Ezzahtour;;;;;;;;;x
b_ezzahtour_3_adj;Ezzahtourian;;ezzahtourer;;;;;;;;;;;x
b_ezzahtour_4;Ezzahtour;Ezzahtour;Ezzahtour;;Ezzahtour;;;;;;;;;x
b_ezzahtour_4_adj;Ezzahtourian;;ezzahtourer;;;;;;;;;;;x
b_ezzahtour_5;Ezzahtour;Ezzahtour;Ezzahtour;;Ezzahtour;;;;;;;;;x
b_ezzahtour_5_adj;Ezzahtourian;;ezzahtourer;;;;;;;;;;;x
b_ezzahtour_6;Ezzahtour;Ezzahtour;Ezzahtour;;Ezzahtour;;;;;;;;;x
b_ezzahtour_6_adj;Ezzahtourian;;ezzahtourer;;;;;;;;;;;x
b_fanoos;Fanoos;Fanoos;Fanoos;;Fanoos;;;;;;;;;x
b_fanoos_adj;Fanoosian;;fanooser;;;;;;;;;;;x
b_faquiya;Faquiya;Faquiya;Faquiya;;Faquiya;;;;;;;;;x
b_faquiya_adj;Faquiyan;;faquer;;;;;;;;;;;x
b_farrati;Farrati;Farrati;Farrati;;Farrati;;;;;;;;;x
b_farrati_adj;Farratian;;farrater;;;;;;;;;;;x
b_farrati_2;Farrati;Farrati;Farrati;;Farrati;;;;;;;;;x
b_farrati_2_adj;Farratian;;farrater;;;;;;;;;;;x
b_farrati_3;Farrati;Farrati;Farrati;;Farrati;;;;;;;;;x
b_farrati_3_adj;Farratian;;farrater;;;;;;;;;;;x
b_farrati_4;Farrati;Farrati;Farrati;;Farrati;;;;;;;;;x
b_farrati_4_adj;Farratian;;farrater;;;;;;;;;;;x
b_fedanin;Fedanin;Fedanin;Fedanin;;Fedanin;;;;;;;;;x
b_fedanin_adj;Fedaninian;;fedaniner;;;;;;;;;;;x
b_fedanin_2;Fedanin;Fedanin;Fedanin;;Fedanin;;;;;;;;;x
b_fedanin_2_adj;Fedaninian;;fedaniner;;;;;;;;;;;x
b_fernarouj;Fernarouj;Fernarouj;Fernarouj;;Fernarouj;;;;;;;;;x
b_fernarouj_adj;Fernaroujian;;fernaroujer;;;;;;;;;;;x
b_fernarouj_2;Fernarouj;Fernarouj;Fernarouj;;Fernarouj;;;;;;;;;x
b_fernarouj_2_adj;Fernaroujian;;fernaroujer;;;;;;;;;;;x
b_fernarouj_3;Fernarouj;Fernarouj;Fernarouj;;Fernarouj;;;;;;;;;x
b_fernarouj_3_adj;Fernaroujian;;fernaroujer;;;;;;;;;;;x
b_fernarouj_4;Fernarouj;Fernarouj;Fernarouj;;Fernarouj;;;;;;;;;x
b_fernarouj_4_adj;Fernaroujian;;fernaroujer;;;;;;;;;;;x
b_fretel;Fretel;Fretel;Fretel;;Fretel;;;;;;;;;x
b_fretel_adj;Fretelian;;freteler;;;;;;;;;;;x
b_gajo;Gajo;Gajo;Gajo;;Gajo;;;;;;;;;x
b_gajo_adj;Gajian;;gajer;;;;;;;;;;;x
b_galinya;Galinya;Galinya;Galinya;;Galinya;;;;;;;;;x
b_galinya_adj;Galinyan;;galiner;;;;;;;;;;;x
b_galtsiya;Galtsiya;Galtsiya;Galtsiya;;Galtsiya;;;;;;;;;x
b_galtsiya_adj;Galtsiyan;;galtser;;;;;;;;;;;x
b_gbesina;Gbesina;Gbesina;Gbesina;;Gbesina;;;;;;;;;x
b_gbesina_adj;Gbesinan;;gbesiner;;;;;;;;;;;x
b_geresaray;Geresaray;Geresaray;Geresaray;;Geresaray;;;;;;;;;x
b_geresaray_adj;Geresaraian;;geresaraer;;;;;;;;;;;x
b_getica;Getica;Getica;Getica;;Getica;;;;;;;;;x
b_getica_adj;Getican;;geticer;;;;;;;;;;;x
b_ghaliha;Ghaliha;Ghaliha;Ghaliha;;Ghaliha;;;;;;;;;x
b_ghaliha_adj;Ghalihan;;ghaliher;;;;;;;;;;;x
b_gilan;Gilan;Gilan;Gilan;;Gilan;;;;;;;;;x
b_gilan_adj;Gilanian;;gilaner;;;;;;;;;;;x
b_girodura;Girodura;Girodura;Girodura;;Girodura;;;;;;;;;x
b_girodura_adj;Giroduran;;girodurer;;;;;;;;;;;x
b_girodura_2;Girodura;Girodura;Girodura;;Girodura;;;;;;;;;x
b_girodura_2_adj;Giroduran;;girodurer;;;;;;;;;;;x
b_girodura_3;Girodura;Girodura;Girodura;;Girodura;;;;;;;;;x
b_girodura_3_adj;Giroduran;;girodurer;;;;;;;;;;;x
b_girodura_4;Girodura;Girodura;Girodura;;Girodura;;;;;;;;;x
b_girodura_4_adj;Giroduran;;girodurer;;;;;;;;;;;x
b_girostile;Girostile;Girostile;Girostile;;Girostile;;;;;;;;;x
b_girostile_adj;Girostilean;;girostiler;;;;;;;;;;;x
b_girostile_2;Girostile;Girostile;Girostile;;Girostile;;;;;;;;;x
b_girostile_2_adj;Girostilean;;girostiler;;;;;;;;;;;x
b_girostile_3;Girostile;Girostile;Girostile;;Girostile;;;;;;;;;x
b_girostile_3_adj;Girostilean;;girostiler;;;;;;;;;;;x
b_girostile_4;Girostile;Girostile;Girostile;;Girostile;;;;;;;;;x
b_girostile_4_adj;Girostilean;;girostiler;;;;;;;;;;;x
b_girostile_5;Girostile;Girostile;Girostile;;Girostile;;;;;;;;;x
b_girostile_5_adj;Girostilean;;girostiler;;;;;;;;;;;x
b_gokotton;Gokotton;Gokotton;Gokotton;;Gokotton;;;;;;;;;x
b_gokotton_adj;Gokottonian;;gokottoner;;;;;;;;;;;x
b_gokotton_2;Gokotton;Gokotton;Gokotton;;Gokotton;;;;;;;;;x
b_gokotton_2_adj;Gokottonian;;gokottoner;;;;;;;;;;;x
b_gokotton_3;Gokotton;Gokotton;Gokotton;;Gokotton;;;;;;;;;x
b_gokotton_3_adj;Gokottonian;;gokottoner;;;;;;;;;;;x
b_gokotton_4;Gokotton;Gokotton;Gokotton;;Gokotton;;;;;;;;;x
b_gokotton_4_adj;Gokottonian;;gokottoner;;;;;;;;;;;x
b_golbahan;Golbahan;Golbahan;Golbahan;;Golbahan;;;;;;;;;x
b_golbahan_adj;Golbahanian;;golbahaner;;;;;;;;;;;x
b_golbahan_2;Golbahan;Golbahan;Golbahan;;Golbahan;;;;;;;;;x
b_golbahan_2_adj;Golbahanian;;golbahaner;;;;;;;;;;;x
b_golbahan_3;Golbahan;Golbahan;Golbahan;;Golbahan;;;;;;;;;x
b_golbahan_3_adj;Golbahanian;;golbahaner;;;;;;;;;;;x
b_golbahan_4;Golbahan;Golbahan;Golbahan;;Golbahan;;;;;;;;;x
b_golbahan_4_adj;Golbahanian;;golbahaner;;;;;;;;;;;x
b_golbahan_5;Golbahan;Golbahan;Golbahan;;Golbahan;;;;;;;;;x
b_golbahan_5_adj;Golbahanian;;golbahaner;;;;;;;;;;;x
b_golgopeion;Golgopeion;Golgopeion;Golgopeion;;Golgopeion;;;;;;;;;x
b_golgopeion_adj;Golgopeionian;;golgopeioner;;;;;;;;;;;x
b_gorencik;Gorencik;Gorencik;Gorencik;;Gorencik;;;;;;;;;x
b_gorencik_adj;Gorencikian;;gorenciker;;;;;;;;;;;x
b_gorerasi;Gorerasi;Gorerasi;Gorerasi;;Gorerasi;;;;;;;;;x
b_gorerasi_adj;Gorerasian;;goreraser;;;;;;;;;;;x
b_gorgodia;Gorgodia;Gorgodia;Gorgodia;;Gorgodia;;;;;;;;;x
b_gorgodia_adj;Gorgodian;;gorgoder;;;;;;;;;;;x
b_gournoinon;Gournoinon;Gournoinon;Gournoinon;;Gournoinon;;;;;;;;;x
b_gournoinon_adj;Gournoinonian;;gournoinoner;;;;;;;;;;;x
b_gouththas;Gouththas;Gouththas;Gouththas;;Gouththas;;;;;;;;;x
b_gouththas_adj;Gouththasian;;gouththaser;;;;;;;;;;;x
b_gredeia;Gredeia;Gredeia;Gredeia;;Gredeia;;;;;;;;;x
b_gredeia_adj;Gredeian;;greder;;;;;;;;;;;x
b_guemaret;Guemaret;Guemaret;Guemaret;;Guemaret;;;;;;;;;x
b_guemaret_adj;Guemaretian;;guemareter;;;;;;;;;;;x
b_gunidis;Gunidis;Gunidis;Gunidis;;Gunidis;;;;;;;;;x
b_gunidis_adj;Gunidisian;;gunidiser;;;;;;;;;;;x
b_guzepinari;Guzepinari;Guzepinari;Guzepinari;;Guzepinari;;;;;;;;;x
b_guzepinari_adj;Guzepinarian;;guzepinarer;;;;;;;;;;;x
b_guzepinari_2;Guzepinari;Guzepinari;Guzepinari;;Guzepinari;;;;;;;;;x
b_guzepinari_2_adj;Guzepinarian;;guzepinarer;;;;;;;;;;;x
b_guzepinari_3;Guzepinari;Guzepinari;Guzepinari;;Guzepinari;;;;;;;;;x
b_guzepinari_3_adj;Guzepinarian;;guzepinarer;;;;;;;;;;;x
b_guzepinari_4;Guzepinari;Guzepinari;Guzepinari;;Guzepinari;;;;;;;;;x
b_guzepinari_4_adj;Guzepinarian;;guzepinarer;;;;;;;;;;;x
b_guzepinari_5;Guzepinari;Guzepinari;Guzepinari;;Guzepinari;;;;;;;;;x
b_guzepinari_5_adj;Guzepinarian;;guzepinarer;;;;;;;;;;;x
b_guzler;Guzler;Guzler;Guzler;;Guzler;;;;;;;;;x
b_guzler_adj;Guzlerian;;guzlerer;;;;;;;;;;;x
b_hadari;Hadari;Hadari;Hadari;;Hadari;;;;;;;;;x
b_hadari_adj;Hadarian;;hadarer;;;;;;;;;;;x
b_haiqban;Haiqban;Haiqban;Haiqban;;Haiqban;;;;;;;;;x
b_haiqban_adj;Haiqbanian;;haiqbaner;;;;;;;;;;;x
b_halina;Halina;Halina;Halina;;Halina;;;;;;;;;x
b_halina_adj;Halinan;;haliner;;;;;;;;;;;x
b_hamitina;Hamitina;Hamitina;Hamitina;;Hamitina;;;;;;;;;x
b_hamitina_adj;Hamitinan;;hamitiner;;;;;;;;;;;x
b_handve;Handve;Handve;Handve;;Handve;;;;;;;;;x
b_handve_adj;Handvean;;handver;;;;;;;;;;;x
b_hieralos;Hieralos;Hieralos;Hieralos;;Hieralos;;;;;;;;;x
b_hieralos_adj;Hieralosian;;hieraloser;;;;;;;;;;;x
b_hieralos_2;Hieralos;Hieralos;Hieralos;;Hieralos;;;;;;;;;x
b_hieralos_2_adj;Hieralosian;;hieraloser;;;;;;;;;;;x
b_hieralos_3;Hieralos;Hieralos;Hieralos;;Hieralos;;;;;;;;;x
b_hieralos_3_adj;Hieralosian;;hieraloser;;;;;;;;;;;x
b_hieralos_4;Hieralos;Hieralos;Hieralos;;Hieralos;;;;;;;;;x
b_hieralos_4_adj;Hieralosian;;hieraloser;;;;;;;;;;;x
b_hieralos_5;Hieralos;Hieralos;Hieralos;;Hieralos;;;;;;;;;x
b_hieralos_5_adj;Hieralosian;;hieraloser;;;;;;;;;;;x
b_hiererma;Hiererma;Hiererma;Hiererma;;Hiererma;;;;;;;;;x
b_hiererma_adj;Hiererman;;hierermer;;;;;;;;;;;x
b_hiererma_2;Hiererma;Hiererma;Hiererma;;Hiererma;;;;;;;;;x
b_hiererma_2_adj;Hiererman;;hierermer;;;;;;;;;;;x
b_hiererma_3;Hiererma;Hiererma;Hiererma;;Hiererma;;;;;;;;;x
b_hiererma_3_adj;Hiererman;;hierermer;;;;;;;;;;;x
b_hiererma_4;Hiererma;Hiererma;Hiererma;;Hiererma;;;;;;;;;x
b_hiererma_4_adj;Hiererman;;hierermer;;;;;;;;;;;x
b_hiererma_5;Hiererma;Hiererma;Hiererma;;Hiererma;;;;;;;;;x
b_hiererma_5_adj;Hiererman;;hierermer;;;;;;;;;;;x
b_hilartuz;Hilartuz;Hilartuz;Hilartuz;;Hilartuz;;;;;;;;;x
b_hilartuz_adj;Hilartuzian;;hilartuzer;;;;;;;;;;;x
b_hilartuz_2;Hilartuz;Hilartuz;Hilartuz;;Hilartuz;;;;;;;;;x
b_hilartuz_2_adj;Hilartuzian;;hilartuzer;;;;;;;;;;;x
b_hilartuz_3;Hilartuz;Hilartuz;Hilartuz;;Hilartuz;;;;;;;;;x
b_hilartuz_3_adj;Hilartuzian;;hilartuzer;;;;;;;;;;;x
b_hilartuz_4;Hilartuz;Hilartuz;Hilartuz;;Hilartuz;;;;;;;;;x
b_hilartuz_4_adj;Hilartuzian;;hilartuzer;;;;;;;;;;;x
b_hilartuz_5;Hilartuz;Hilartuz;Hilartuz;;Hilartuz;;;;;;;;;x
b_hilartuz_5_adj;Hilartuzian;;hilartuzer;;;;;;;;;;;x
b_hloca;Hloca;Hloca;Hloca;;Hloca;;;;;;;;;x
b_hloca_adj;Hlocan;;hlocer;;;;;;;;;;;x
b_hovsep;Hovsep;Hovsep;Hovsep;;Hovsep;;;;;;;;;x
b_hovsep_adj;Hovsepian;;hovseper;;;;;;;;;;;x
b_hyblos;Hyblos;Hyblos;Hyblos;;Hyblos;;;;;;;;;x
b_hyblos_adj;Hyblosian;;hybloser;;;;;;;;;;;x
b_hyblos_2;Hyblos;Hyblos;Hyblos;;Hyblos;;;;;;;;;x
b_hyblos_2_adj;Hyblosian;;hybloser;;;;;;;;;;;x
b_hyblos_3;Hyblos;Hyblos;Hyblos;;Hyblos;;;;;;;;;x
b_hyblos_3_adj;Hyblosian;;hybloser;;;;;;;;;;;x
b_hyblos_4;Hyblos;Hyblos;Hyblos;;Hyblos;;;;;;;;;x
b_hyblos_4_adj;Hyblosian;;hybloser;;;;;;;;;;;x
b_iasox;Iasox;Iasox;Iasox;;Iasox;;;;;;;;;x
b_iasox_adj;Iasoxian;;iasoxer;;;;;;;;;;;x
b_iasox_2;Iasox;Iasox;Iasox;;Iasox;;;;;;;;;x
b_iasox_2_adj;Iasoxian;;iasoxer;;;;;;;;;;;x
b_iasox_3;Iasox;Iasox;Iasox;;Iasox;;;;;;;;;x
b_iasox_3_adj;Iasoxian;;iasoxer;;;;;;;;;;;x
b_iasox_4;Iasox;Iasox;Iasox;;Iasox;;;;;;;;;x
b_iasox_4_adj;Iasoxian;;iasoxer;;;;;;;;;;;x
b_iasox_5;Iasox;Iasox;Iasox;;Iasox;;;;;;;;;x
b_iasox_5_adj;Iasoxian;;iasoxer;;;;;;;;;;;x
b_iasox_6;Iasox;Iasox;Iasox;;Iasox;;;;;;;;;x
b_iasox_6_adj;Iasoxian;;iasoxer;;;;;;;;;;;x
b_iasyma;Iasyma;Iasyma;Iasyma;;Iasyma;;;;;;;;;x
b_iasyma_adj;Iasyman;;iasymer;;;;;;;;;;;x
b_iasynthos;Iasynthos;Iasynthos;Iasynthos;;Iasynthos;;;;;;;;;x
b_iasynthos_adj;Iasynthosian;;iasynthoser;;;;;;;;;;;x
b_iasynthos_2;Iasynthos;Iasynthos;Iasynthos;;Iasynthos;;;;;;;;;x
b_iasynthos_2_adj;Iasynthosian;;iasynthoser;;;;;;;;;;;x
b_iasynthos_3;Iasynthos;Iasynthos;Iasynthos;;Iasynthos;;;;;;;;;x
b_iasynthos_3_adj;Iasynthosian;;iasynthoser;;;;;;;;;;;x
b_ifrale;Ifrale;Ifrale;Ifrale;;Ifrale;;;;;;;;;x
b_ifrale_adj;Ifralean;;ifraler;;;;;;;;;;;x
b_ifrale_2;Ifrale;Ifrale;Ifrale;;Ifrale;;;;;;;;;x
b_ifrale_2_adj;Ifralean;;ifraler;;;;;;;;;;;x
b_igemelli;Igemelli;Igemelli;Igemelli;;Igemelli;;;;;;;;;x
b_igemelli_adj;Igemellian;;igemeller;;;;;;;;;;;x
b_igemelli_2;Igemelli;Igemelli;Igemelli;;Igemelli;;;;;;;;;x
b_igemelli_2_adj;Igemellian;;igemeller;;;;;;;;;;;x
b_igemelli_3;Igemelli;Igemelli;Igemelli;;Igemelli;;;;;;;;;x
b_igemelli_3_adj;Igemellian;;igemeller;;;;;;;;;;;x
b_igemelli_4;Igemelli;Igemelli;Igemelli;;Igemelli;;;;;;;;;x
b_igemelli_4_adj;Igemellian;;igemeller;;;;;;;;;;;x
b_igitya;Igitya;Igitya;Igitya;;Igitya;;;;;;;;;x
b_igitya_adj;Igityan;;igiter;;;;;;;;;;;x
b_ilimit;Ilimit;Ilimit;Ilimit;;Ilimit;;;;;;;;;x
b_ilimit_adj;Ilimitian;;ilimiter;;;;;;;;;;;x
b_ilinbeyli;Ilinbeyli;Ilinbeyli;Ilinbeyli;;Ilinbeyli;;;;;;;;;x
b_ilinbeyli_adj;Ilinbeylian;;ilinbeyler;;;;;;;;;;;x
b_ilinbeyli_2;Ilinbeyli;Ilinbeyli;Ilinbeyli;;Ilinbeyli;;;;;;;;;x
b_ilinbeyli_2_adj;Ilinbeylian;;ilinbeyler;;;;;;;;;;;x
b_ilinbeyli_3;Ilinbeyli;Ilinbeyli;Ilinbeyli;;Ilinbeyli;;;;;;;;;x
b_ilinbeyli_3_adj;Ilinbeylian;;ilinbeyler;;;;;;;;;;;x
b_ilinbeyli_4;Ilinbeyli;Ilinbeyli;Ilinbeyli;;Ilinbeyli;;;;;;;;;x
b_ilinbeyli_4_adj;Ilinbeylian;;ilinbeyler;;;;;;;;;;;x
b_ilinbeyli_5;Ilinbeyli;Ilinbeyli;Ilinbeyli;;Ilinbeyli;;;;;;;;;x
b_ilinbeyli_5_adj;Ilinbeylian;;ilinbeyler;;;;;;;;;;;x
b_illici;Illici;Illici;Illici;;Illici;;;;;;;;;x
b_illici_adj;Illician;;illicer;;;;;;;;;;;x
b_illici_2;Illici;Illici;Illici;;Illici;;;;;;;;;x
b_illici_2_adj;Illician;;illicer;;;;;;;;;;;x
b_illici_3;Illici;Illici;Illici;;Illici;;;;;;;;;x
b_illici_3_adj;Illician;;illicer;;;;;;;;;;;x
b_illici_4;Illici;Illici;Illici;;Illici;;;;;;;;;x
b_illici_4_adj;Illician;;illicer;;;;;;;;;;;x
b_ishkhan;Ishkhan;Ishkhan;Ishkhan;;Ishkhan;;;;;;;;;x
b_ishkhan_adj;Ishkhanian;;ishkhaner;;;;;;;;;;;x
b_iskaysab;Iskaysab;Iskaysab;Iskaysab;;Iskaysab;;;;;;;;;x
b_iskaysab_adj;Iskaysabian;;iskaysaber;;;;;;;;;;;x
b_israrta;Israrta;Israrta;Israrta;;Israrta;;;;;;;;;x
b_israrta_adj;Isrartan;;israrter;;;;;;;;;;;x
b_jaha;Jaha;Jaha;Jaha;;Jaha;;;;;;;;;x
b_jaha_adj;Jahan;;jaher;;;;;;;;;;;x
b_jaha_2;Jaha;Jaha;Jaha;;Jaha;;;;;;;;;x
b_jaha_2_adj;Jahan;;jaher;;;;;;;;;;;x
b_jaha_3;Jaha;Jaha;Jaha;;Jaha;;;;;;;;;x
b_jaha_3_adj;Jahan;;jaher;;;;;;;;;;;x
b_jaset;Jaset;Jaset;Jaset;;Jaset;;;;;;;;;x
b_jaset_adj;Jasetian;;jaseter;;;;;;;;;;;x
b_jaset_2;Jaset;Jaset;Jaset;;Jaset;;;;;;;;;x
b_jaset_2_adj;Jasetian;;jaseter;;;;;;;;;;;x
b_jaset_3;Jaset;Jaset;Jaset;;Jaset;;;;;;;;;x
b_jaset_3_adj;Jasetian;;jaseter;;;;;;;;;;;x
b_jirost;Jirost;Jirost;Jirost;;Jirost;;;;;;;;;x
b_jirost_adj;Jirostian;;jiroster;;;;;;;;;;;x
b_jirost_2;Jirost;Jirost;Jirost;;Jirost;;;;;;;;;x
b_jirost_2_adj;Jirostian;;jiroster;;;;;;;;;;;x
b_jirost_3;Jirost;Jirost;Jirost;;Jirost;;;;;;;;;x
b_jirost_3_adj;Jirostian;;jiroster;;;;;;;;;;;x
b_jirost_4;Jirost;Jirost;Jirost;;Jirost;;;;;;;;;x
b_jirost_4_adj;Jirostian;;jiroster;;;;;;;;;;;x
b_joroltan;Joroltan;Joroltan;Joroltan;;Joroltan;;;;;;;;;x
b_joroltan_adj;Joroltanian;;joroltaner;;;;;;;;;;;x
b_joroltan_2;Joroltan;Joroltan;Joroltan;;Joroltan;;;;;;;;;x
b_joroltan_2_adj;Joroltanian;;joroltaner;;;;;;;;;;;x
b_joroltan_3;Joroltan;Joroltan;Joroltan;;Joroltan;;;;;;;;;x
b_joroltan_3_adj;Joroltanian;;joroltaner;;;;;;;;;;;x
b_kadulaib;Kadulaib;Kadulaib;Kadulaib;;Kadulaib;;;;;;;;;x
b_kadulaib_adj;Kadulaibian;;kadulaiber;;;;;;;;;;;x
b_kadulaib_2;Kadulaib;Kadulaib;Kadulaib;;Kadulaib;;;;;;;;;x
b_kadulaib_2_adj;Kadulaibian;;kadulaiber;;;;;;;;;;;x
b_kadulaib_3;Kadulaib;Kadulaib;Kadulaib;;Kadulaib;;;;;;;;;x
b_kadulaib_3_adj;Kadulaibian;;kadulaiber;;;;;;;;;;;x
b_kadulaib_4;Kadulaib;Kadulaib;Kadulaib;;Kadulaib;;;;;;;;;x
b_kadulaib_4_adj;Kadulaibian;;kadulaiber;;;;;;;;;;;x
b_kadulaib_5;Kadulaib;Kadulaib;Kadulaib;;Kadulaib;;;;;;;;;x
b_kadulaib_5_adj;Kadulaibian;;kadulaiber;;;;;;;;;;;x
b_kahnulam;Kahnulam;Kahnulam;Kahnulam;;Kahnulam;;;;;;;;;x
b_kahnulam_adj;Kahnulamian;;kahnulamer;;;;;;;;;;;x
b_kamarous;Kamarous;Kamarous;Kamarous;;Kamarous;;;;;;;;;x
b_kamarous_adj;Kamarousian;;kamarouser;;;;;;;;;;;x
b_karis;Karis;Karis;Karis;;Karis;;;;;;;;;x
b_karis_adj;Karisian;;kariser;;;;;;;;;;;x
b_karkenai;Karkenai;Karkenai;Karkenai;;Karkenai;;;;;;;;;x
b_karkenai_adj;Karkenian;;karkener;;;;;;;;;;;x
b_kasbir;Kasbir;Kasbir;Kasbir;;Kasbir;;;;;;;;;x
b_kasbir_adj;Kasbirian;;kasbirer;;;;;;;;;;;x
b_kasbir_2;Kasbir;Kasbir;Kasbir;;Kasbir;;;;;;;;;x
b_kasbir_2_adj;Kasbirian;;kasbirer;;;;;;;;;;;x
b_kasbir_3;Kasbir;Kasbir;Kasbir;;Kasbir;;;;;;;;;x
b_kasbir_3_adj;Kasbirian;;kasbirer;;;;;;;;;;;x
b_kasbir_4;Kasbir;Kasbir;Kasbir;;Kasbir;;;;;;;;;x
b_kasbir_4_adj;Kasbirian;;kasbirer;;;;;;;;;;;x
b_kasbir_5;Kasbir;Kasbir;Kasbir;;Kasbir;;;;;;;;;x
b_kasbir_5_adj;Kasbirian;;kasbirer;;;;;;;;;;;x
b_kasbir_6;Kasbir;Kasbir;Kasbir;;Kasbir;;;;;;;;;x
b_kasbir_6_adj;Kasbirian;;kasbirer;;;;;;;;;;;x
b_kastiid;Kastiid;Kastiid;Kastiid;;Kastiid;;;;;;;;;x
b_kastiid_adj;Kastiidian;;kastiider;;;;;;;;;;;x
b_kazen;Kazen;Kazen;Kazen;;Kazen;;;;;;;;;x
b_kazen_adj;Kazenian;;kazener;;;;;;;;;;;x
b_kedska;Kedska;Kedska;Kedska;;Kedska;;;;;;;;;x
b_kedska_adj;Kedskan;;kedsker;;;;;;;;;;;x
b_kerkeion;Kerkeion;Kerkeion;Kerkeion;;Kerkeion;;;;;;;;;x
b_kerkeion_adj;Kerkeionian;;kerkeioner;;;;;;;;;;;x
b_khalil;Khalil;Khalil;Khalil;;Khalil;;;;;;;;;x
b_khalil_adj;Khalilian;;khaliler;;;;;;;;;;;x
b_khalil_2;Khalil;Khalil;Khalil;;Khalil;;;;;;;;;x
b_khalil_2_adj;Khalilian;;khaliler;;;;;;;;;;;x
b_khalil_3;Khalil;Khalil;Khalil;;Khalil;;;;;;;;;x
b_khalil_3_adj;Khalilian;;khaliler;;;;;;;;;;;x
b_khalil_4;Khalil;Khalil;Khalil;;Khalil;;;;;;;;;x
b_khalil_4_adj;Khalilian;;khaliler;;;;;;;;;;;x
b_khalil_5;Khalil;Khalil;Khalil;;Khalil;;;;;;;;;x
b_khalil_5_adj;Khalilian;;khaliler;;;;;;;;;;;x
b_khrouliana;Khrouliana;Khrouliana;Khrouliana;;Khrouliana;;;;;;;;;x
b_khrouliana_adj;Khroulianan;;khroulianer;;;;;;;;;;;x
b_khrouliana_2;Khrouliana;Khrouliana;Khrouliana;;Khrouliana;;;;;;;;;x
b_khrouliana_2_adj;Khroulianan;;khroulianer;;;;;;;;;;;x
b_khrouliana_3;Khrouliana;Khrouliana;Khrouliana;;Khrouliana;;;;;;;;;x
b_khrouliana_3_adj;Khroulianan;;khroulianer;;;;;;;;;;;x
b_khrouliana_4;Khrouliana;Khrouliana;Khrouliana;;Khrouliana;;;;;;;;;x
b_khrouliana_4_adj;Khroulianan;;khroulianer;;;;;;;;;;;x
b_khrouliana_5;Khrouliana;Khrouliana;Khrouliana;;Khrouliana;;;;;;;;;x
b_khrouliana_5_adj;Khroulianan;;khroulianer;;;;;;;;;;;x
b_kocharia;Kocharia;Kocharia;Kocharia;;Kocharia;;;;;;;;;x
b_kocharia_adj;Kocharian;;kocharer;;;;;;;;;;;x
b_komaszice;Komaszice;Komaszice;Komaszice;;Komaszice;;;;;;;;;x
b_komaszice_adj;Komaszicean;;komaszicer;;;;;;;;;;;x
b_konuculha;Konuculha;Konuculha;Konuculha;;Konuculha;;;;;;;;;x
b_konuculha_adj;Konuculhan;;konuculher;;;;;;;;;;;x
b_konuculha_2;Konuculha;Konuculha;Konuculha;;Konuculha;;;;;;;;;x
b_konuculha_2_adj;Konuculhan;;konuculher;;;;;;;;;;;x
b_konuculha_3;Konuculha;Konuculha;Konuculha;;Konuculha;;;;;;;;;x
b_konuculha_3_adj;Konuculhan;;konuculher;;;;;;;;;;;x
b_konuculha_4;Konuculha;Konuculha;Konuculha;;Konuculha;;;;;;;;;x
b_konuculha_4_adj;Konuculhan;;konuculher;;;;;;;;;;;x
b_kostikya;Kostikya;Kostikya;Kostikya;;Kostikya;;;;;;;;;x
b_kostikya_adj;Kostikyan;;kostiker;;;;;;;;;;;x
b_kostoy;Kostoy;Kostoy;Kostoy;;Kostoy;;;;;;;;;x
b_kostoy_adj;Kostoian;;kostoer;;;;;;;;;;;x
b_kouriraki;Kouriraki;Kouriraki;Kouriraki;;Kouriraki;;;;;;;;;x
b_kouriraki_adj;Kourirakian;;kouriraker;;;;;;;;;;;x
b_kubluk;Kubluk;Kubluk;Kubluk;;Kubluk;;;;;;;;;x
b_kubluk_adj;Kublukian;;kubluker;;;;;;;;;;;x
b_kydarina;Kydarina;Kydarina;Kydarina;;Kydarina;;;;;;;;;x
b_kydarina_adj;Kydarinan;;kydariner;;;;;;;;;;;x
b_kydarina_2;Kydarina;Kydarina;Kydarina;;Kydarina;;;;;;;;;x
b_kydarina_2_adj;Kydarinan;;kydariner;;;;;;;;;;;x
b_kydarina_3;Kydarina;Kydarina;Kydarina;;Kydarina;;;;;;;;;x
b_kydarina_3_adj;Kydarinan;;kydariner;;;;;;;;;;;x
b_kydarina_4;Kydarina;Kydarina;Kydarina;;Kydarina;;;;;;;;;x
b_kydarina_4_adj;Kydarinan;;kydariner;;;;;;;;;;;x
b_lamesia;Lamesia;Lamesia;Lamesia;;Lamesia;;;;;;;;;x
b_lamesia_adj;Lamesian;;lameser;;;;;;;;;;;x
b_lampsetros;Lampsetros;Lampsetros;Lampsetros;;Lampsetros;;;;;;;;;x
b_lampsetros_adj;Lampsetrosian;;lampsetroser;;;;;;;;;;;x
b_lampsetros_2;Lampsetros;Lampsetros;Lampsetros;;Lampsetros;;;;;;;;;x
b_lampsetros_2_adj;Lampsetrosian;;lampsetroser;;;;;;;;;;;x
b_lampsetros_3;Lampsetros;Lampsetros;Lampsetros;;Lampsetros;;;;;;;;;x
b_lampsetros_3_adj;Lampsetrosian;;lampsetroser;;;;;;;;;;;x
b_lampsetros_4;Lampsetros;Lampsetros;Lampsetros;;Lampsetros;;;;;;;;;x
b_lampsetros_4_adj;Lampsetrosian;;lampsetroser;;;;;;;;;;;x
b_lampsokampos;Lampsokampos;Lampsokampos;Lampsokampos;;Lampsokampos;;;;;;;;;x
b_lampsokampos_adj;Lampsokamposian;;lampsokamposer;;;;;;;;;;;x
b_lapauros;Lapauros;Lapauros;Lapauros;;Lapauros;;;;;;;;;x
b_lapauros_adj;Lapaurosian;;lapauroser;;;;;;;;;;;x
b_lapelea;Lapelea;Lapelea;Lapelea;;Lapelea;;;;;;;;;x
b_lapelea_adj;Lapelean;;lapeler;;;;;;;;;;;x
b_latias;Latias;Latias;Latias;;Latias;;;;;;;;;x
b_latias_adj;Latiasian;;latiaser;;;;;;;;;;;x
b_lavargan;Lavargan;Lavargan;Lavargan;;Lavargan;;;;;;;;;x
b_lavargan_adj;Lavarganian;;lavarganer;;;;;;;;;;;x
b_lavargan_2;Lavargan;Lavargan;Lavargan;;Lavargan;;;;;;;;;x
b_lavargan_2_adj;Lavarganian;;lavarganer;;;;;;;;;;;x
b_lavargan_3;Lavargan;Lavargan;Lavargan;;Lavargan;;;;;;;;;x
b_lavargan_3_adj;Lavarganian;;lavarganer;;;;;;;;;;;x
b_lavargan_4;Lavargan;Lavargan;Lavargan;;Lavargan;;;;;;;;;x
b_lavargan_4_adj;Lavarganian;;lavarganer;;;;;;;;;;;x
b_lebezan;Lebezan;Lebezan;Lebezan;;Lebezan;;;;;;;;;x
b_lebezan_adj;Lebezanian;;lebezaner;;;;;;;;;;;x
b_lebidon;Lebidon;Lebidon;Lebidon;;Lebidon;;;;;;;;;x
b_lebidon_adj;Lebidonian;;lebidoner;;;;;;;;;;;x
b_lenduo;Lenduo;Lenduo;Lenduo;;Lenduo;;;;;;;;;x
b_lenduo_adj;Lendian;;lender;;;;;;;;;;;x
b_lenduo_2;Lenduo;Lenduo;Lenduo;;Lenduo;;;;;;;;;x
b_lenduo_2_adj;Lendian;;lender;;;;;;;;;;;x
b_lenduo_3;Lenduo;Lenduo;Lenduo;;Lenduo;;;;;;;;;x
b_lenduo_3_adj;Lendian;;lender;;;;;;;;;;;x
b_lenduo_4;Lenduo;Lenduo;Lenduo;;Lenduo;;;;;;;;;x
b_lenduo_4_adj;Lendian;;lender;;;;;;;;;;;x
b_lenduo_5;Lenduo;Lenduo;Lenduo;;Lenduo;;;;;;;;;x
b_lenduo_5_adj;Lendian;;lender;;;;;;;;;;;x
b_leva;Leva;Leva;Leva;;Leva;;;;;;;;;x
b_leva_adj;Levan;;lever;;;;;;;;;;;x
b_levianno;Levianno;Levianno;Levianno;;Levianno;;;;;;;;;x
b_levianno_adj;Leviannian;;levianner;;;;;;;;;;;x
b_levianno_2;Levianno;Levianno;Levianno;;Levianno;;;;;;;;;x
b_levianno_2_adj;Leviannian;;levianner;;;;;;;;;;;x
b_levianno_3;Levianno;Levianno;Levianno;;Levianno;;;;;;;;;x
b_levianno_3_adj;Leviannian;;levianner;;;;;;;;;;;x
b_levianno_4;Levianno;Levianno;Levianno;;Levianno;;;;;;;;;x
b_levianno_4_adj;Leviannian;;levianner;;;;;;;;;;;x
b_levianno_5;Levianno;Levianno;Levianno;;Levianno;;;;;;;;;x
b_levianno_5_adj;Leviannian;;levianner;;;;;;;;;;;x
b_leyre;Leyre;Leyre;Leyre;;Leyre;;;;;;;;;x
b_leyre_adj;Leyrean;;leyrer;;;;;;;;;;;x
b_lizan;Lizan;Lizan;Lizan;;Lizan;;;;;;;;;x
b_lizan_adj;Lizanian;;lizaner;;;;;;;;;;;x
b_ljubo;Ljubo;Ljubo;Ljubo;;Ljubo;;;;;;;;;x
b_ljubo_adj;Ljubian;;ljuber;;;;;;;;;;;x
b_lourola;Lourola;Lourola;Lourola;;Lourola;;;;;;;;;x
b_lourola_adj;Lourolan;;louroler;;;;;;;;;;;x
b_lourola_2;Lourola;Lourola;Lourola;;Lourola;;;;;;;;;x
b_lourola_2_adj;Lourolan;;louroler;;;;;;;;;;;x
b_lourola_3;Lourola;Lourola;Lourola;;Lourola;;;;;;;;;x
b_lourola_3_adj;Lourolan;;louroler;;;;;;;;;;;x
b_lourola_4;Lourola;Lourola;Lourola;;Lourola;;;;;;;;;x
b_lourola_4_adj;Lourolan;;louroler;;;;;;;;;;;x
b_lourola_5;Lourola;Lourola;Lourola;;Lourola;;;;;;;;;x
b_lourola_5_adj;Lourolan;;louroler;;;;;;;;;;;x
b_lourorres;Lourorres;Lourorres;Lourorres;;Lourorres;;;;;;;;;x
b_lourorres_adj;Lourorresian;;lourorreser;;;;;;;;;;;x
b_lourta;Lourta;Lourta;Lourta;;Lourta;;;;;;;;;x
b_lourta_adj;Lourtan;;lourter;;;;;;;;;;;x
b_loussa;Loussa;Loussa;Loussa;;Loussa;;;;;;;;;x
b_loussa_adj;Loussan;;lousser;;;;;;;;;;;x
b_lsomnos;Lsomnos;Lsomnos;Lsomnos;;Lsomnos;;;;;;;;;x
b_lsomnos_adj;Lsomnosian;;lsomnoser;;;;;;;;;;;x
b_lunaraks;Lunaraks;Lunaraks;Lunaraks;;Lunaraks;;;;;;;;;x
b_lunaraks_adj;Lunaraksian;;lunarakser;;;;;;;;;;;x
b_lunaraks_2;Lunaraks;Lunaraks;Lunaraks;;Lunaraks;;;;;;;;;x
b_lunaraks_2_adj;Lunaraksian;;lunarakser;;;;;;;;;;;x
b_lunaraks_3;Lunaraks;Lunaraks;Lunaraks;;Lunaraks;;;;;;;;;x
b_lunaraks_3_adj;Lunaraksian;;lunarakser;;;;;;;;;;;x
b_lymai;Lymai;Lymai;Lymai;;Lymai;;;;;;;;;x
b_lymai_adj;Lymian;;lymer;;;;;;;;;;;x
b_macedora;Macedora;Macedora;Macedora;;Macedora;;;;;;;;;x
b_macedora_adj;Macedoran;;macedorer;;;;;;;;;;;x
b_madolis;Madolis;Madolis;Madolis;;Madolis;;;;;;;;;x
b_madolis_adj;Madolisian;;madoliser;;;;;;;;;;;x
b_mahset;Mahset;Mahset;Mahset;;Mahset;;;;;;;;;x
b_mahset_adj;Mahsetian;;mahseter;;;;;;;;;;;x
b_mahset_2;Mahset;Mahset;Mahset;;Mahset;;;;;;;;;x
b_mahset_2_adj;Mahsetian;;mahseter;;;;;;;;;;;x
b_mahset_3;Mahset;Mahset;Mahset;;Mahset;;;;;;;;;x
b_mahset_3_adj;Mahsetian;;mahseter;;;;;;;;;;;x
b_majnica;Majnica;Majnica;Majnica;;Majnica;;;;;;;;;x
b_majnica_adj;Majnican;;majnicer;;;;;;;;;;;x
b_malacia;Malacia;Malacia;Malacia;;Malacia;;;;;;;;;x
b_malacia_adj;Malacian;;malacer;;;;;;;;;;;x
b_mallanzala;Mallanzala;Mallanzala;Mallanzala;;Mallanzala;;;;;;;;;x
b_mallanzala_adj;Mallanzalan;;mallanzaler;;;;;;;;;;;x
b_malquanar;Malquanar;Malquanar;Malquanar;;Malquanar;;;;;;;;;x
b_malquanar_adj;Malquanarian;;malquanarer;;;;;;;;;;;x
b_maramori;Maramori;Maramori;Maramori;;Maramori;;;;;;;;;x
b_maramori_adj;Maramorian;;maramorer;;;;;;;;;;;x
b_maramori_2;Maramori;Maramori;Maramori;;Maramori;;;;;;;;;x
b_maramori_2_adj;Maramorian;;maramorer;;;;;;;;;;;x
b_maramori_3;Maramori;Maramori;Maramori;;Maramori;;;;;;;;;x
b_maramori_3_adj;Maramorian;;maramorer;;;;;;;;;;;x
b_maramori_4;Maramori;Maramori;Maramori;;Maramori;;;;;;;;;x
b_maramori_4_adj;Maramorian;;maramorer;;;;;;;;;;;x
b_maramori_5;Maramori;Maramori;Maramori;;Maramori;;;;;;;;;x
b_maramori_5_adj;Maramorian;;maramorer;;;;;;;;;;;x
b_maramori_6;Maramori;Maramori;Maramori;;Maramori;;;;;;;;;x
b_maramori_6_adj;Maramorian;;maramorer;;;;;;;;;;;x
b_maras;Maras;Maras;Maras;;Maras;;;;;;;;;x
b_maras_adj;Marasian;;maraser;;;;;;;;;;;x
b_marasa;Marasa;Marasa;Marasa;;Marasa;;;;;;;;;x
b_marasa_adj;Marasan;;maraser;;;;;;;;;;;x
b_marathos;Marathos;Marathos;Marathos;;Marathos;;;;;;;;;x
b_marathos_adj;Marathosian;;marathoser;;;;;;;;;;;x
b_mardir;Mardir;Mardir;Mardir;;Mardir;;;;;;;;;x
b_mardir_adj;Mardirian;;mardirer;;;;;;;;;;;x
b_marira;Marira;Marira;Marira;;Marira;;;;;;;;;x
b_marira_adj;Mariran;;marirer;;;;;;;;;;;x
b_marut;Marut;Marut;Marut;;Marut;;;;;;;;;x
b_marut_adj;Marutian;;maruter;;;;;;;;;;;x
b_medagana;Medagana;Medagana;Medagana;;Medagana;;;;;;;;;x
b_medagana_adj;Medaganan;;medaganer;;;;;;;;;;;x
b_melanderios;Melanderios;Melanderios;Melanderios;;Melanderios;;;;;;;;;x
b_melanderios_adj;Melanderiosian;;melanderioser;;;;;;;;;;;x
b_melanderios_2;Melanderios;Melanderios;Melanderios;;Melanderios;;;;;;;;;x
b_melanderios_2_adj;Melanderiosian;;melanderioser;;;;;;;;;;;x
b_melmet;Melmet;Melmet;Melmet;;Melmet;;;;;;;;;x
b_melmet_adj;Melmetian;;melmeter;;;;;;;;;;;x
b_meria;Meria;Meria;Meria;;Meria;;;;;;;;;x
b_meria_adj;Merian;;merer;;;;;;;;;;;x
b_messambria;Messambria;Messambria;Messambria;;Messambria;;;;;;;;;x
b_messambria_adj;Messambrian;;messambrer;;;;;;;;;;;x
b_messambria_2;Messambria;Messambria;Messambria;;Messambria;;;;;;;;;x
b_messambria_2_adj;Messambrian;;messambrer;;;;;;;;;;;x
b_messambria_3;Messambria;Messambria;Messambria;;Messambria;;;;;;;;;x
b_messambria_3_adj;Messambrian;;messambrer;;;;;;;;;;;x
b_messambria_4;Messambria;Messambria;Messambria;;Messambria;;;;;;;;;x
b_messambria_4_adj;Messambrian;;messambrer;;;;;;;;;;;x
b_messambria_5;Messambria;Messambria;Messambria;;Messambria;;;;;;;;;x
b_messambria_5_adj;Messambrian;;messambrer;;;;;;;;;;;x
b_mesznik;Mesznik;Mesznik;Mesznik;;Mesznik;;;;;;;;;x
b_mesznik_adj;Mesznikian;;meszniker;;;;;;;;;;;x
b_metel;Metel;Metel;Metel;;Metel;;;;;;;;;x
b_metel_adj;Metelian;;meteler;;;;;;;;;;;x
b_mihaihoi;Mihaihoi;Mihaihoi;Mihaihoi;;Mihaihoi;;;;;;;;;x
b_mihaihoi_adj;Mihaihian;;mihaiher;;;;;;;;;;;x
b_milesia;Milesia;Milesia;Milesia;;Milesia;;;;;;;;;x
b_milesia_adj;Milesian;;mileser;;;;;;;;;;;x
b_mipovo;Mipovo;Mipovo;Mipovo;;Mipovo;;;;;;;;;x
b_mipovo_adj;Mipovian;;mipover;;;;;;;;;;;x
b_moncadica;Moncadica;Moncadica;Moncadica;;Moncadica;;;;;;;;;x
b_moncadica_adj;Moncadican;;moncadicer;;;;;;;;;;;x
b_moncafati;Moncafati;Moncafati;Moncafati;;Moncafati;;;;;;;;;x
b_moncafati_adj;Moncafatian;;moncafater;;;;;;;;;;;x
b_moncafati_2;Moncafati;Moncafati;Moncafati;;Moncafati;;;;;;;;;x
b_moncafati_2_adj;Moncafatian;;moncafater;;;;;;;;;;;x
b_moncafati_3;Moncafati;Moncafati;Moncafati;;Moncafati;;;;;;;;;x
b_moncafati_3_adj;Moncafatian;;moncafater;;;;;;;;;;;x
b_monia;Monia;Monia;Monia;;Monia;;;;;;;;;x
b_monia_adj;Monian;;moner;;;;;;;;;;;x
b_mosheddin;Mosheddin;Mosheddin;Mosheddin;;Mosheddin;;;;;;;;;x
b_mosheddin_adj;Mosheddinian;;mosheddiner;;;;;;;;;;;x
b_moslal;Moslal;Moslal;Moslal;;Moslal;;;;;;;;;x
b_moslal_adj;Moslalian;;moslaler;;;;;;;;;;;x
b_moslal_2;Moslal;Moslal;Moslal;;Moslal;;;;;;;;;x
b_moslal_2_adj;Moslalian;;moslaler;;;;;;;;;;;x
b_moslal_3;Moslal;Moslal;Moslal;;Moslal;;;;;;;;;x
b_moslal_3_adj;Moslalian;;moslaler;;;;;;;;;;;x
b_moslal_4;Moslal;Moslal;Moslal;;Moslal;;;;;;;;;x
b_moslal_4_adj;Moslalian;;moslaler;;;;;;;;;;;x
b_mozia;Mozia;Mozia;Mozia;;Mozia;;;;;;;;;x
b_mozia_adj;Mozian;;mozer;;;;;;;;;;;x
b_mozia_2;Mozia;Mozia;Mozia;;Mozia;;;;;;;;;x
b_mozia_2_adj;Mozian;;mozer;;;;;;;;;;;x
b_mozia_3;Mozia;Mozia;Mozia;;Mozia;;;;;;;;;x
b_mozia_3_adj;Mozian;;mozer;;;;;;;;;;;x
b_mozia_4;Mozia;Mozia;Mozia;;Mozia;;;;;;;;;x
b_mozia_4_adj;Mozian;;mozer;;;;;;;;;;;x
b_mozia_5;Mozia;Mozia;Mozia;;Mozia;;;;;;;;;x
b_mozia_5_adj;Mozian;;mozer;;;;;;;;;;;x
b_mozia_6;Mozia;Mozia;Mozia;;Mozia;;;;;;;;;x
b_mozia_6_adj;Mozian;;mozer;;;;;;;;;;;x
b_mozia_7;Mozia;Mozia;Mozia;;Mozia;;;;;;;;;x
b_mozia_7_adj;Mozian;;mozer;;;;;;;;;;;x
b_muratin;Muratin;Muratin;Muratin;;Muratin;;;;;;;;;x
b_muratin_adj;Muratinian;;muratiner;;;;;;;;;;;x
b_nakleonica;Nakleonica;Nakleonica;Nakleonica;;Nakleonica;;;;;;;;;x
b_nakleonica_adj;Nakleonican;;nakleonicer;;;;;;;;;;;x
b_nakleonica_2;Nakleonica;Nakleonica;Nakleonica;;Nakleonica;;;;;;;;;x
b_nakleonica_2_adj;Nakleonican;;nakleonicer;;;;;;;;;;;x
b_nakleonica_3;Nakleonica;Nakleonica;Nakleonica;;Nakleonica;;;;;;;;;x
b_nakleonica_3_adj;Nakleonican;;nakleonicer;;;;;;;;;;;x
b_nakleonica_4;Nakleonica;Nakleonica;Nakleonica;;Nakleonica;;;;;;;;;x
b_nakleonica_4_adj;Nakleonican;;nakleonicer;;;;;;;;;;;x
b_nakleonica_5;Nakleonica;Nakleonica;Nakleonica;;Nakleonica;;;;;;;;;x
b_nakleonica_5_adj;Nakleonican;;nakleonicer;;;;;;;;;;;x
b_nakleonica_6;Nakleonica;Nakleonica;Nakleonica;;Nakleonica;;;;;;;;;x
b_nakleonica_6_adj;Nakleonican;;nakleonicer;;;;;;;;;;;x
b_nakleonica_7;Nakleonica;Nakleonica;Nakleonica;;Nakleonica;;;;;;;;;x
b_nakleonica_7_adj;Nakleonican;;nakleonicer;;;;;;;;;;;x
b_nalicia;Nalicia;Nalicia;Nalicia;;Nalicia;;;;;;;;;x
b_nalicia_adj;Nalician;;nalicer;;;;;;;;;;;x
b_nalin;Nalin;Nalin;Nalin;;Nalin;;;;;;;;;x
b_nalin_adj;Nalinian;;naliner;;;;;;;;;;;x
b_nalin_2;Nalin;Nalin;Nalin;;Nalin;;;;;;;;;x
b_nalin_2_adj;Nalinian;;naliner;;;;;;;;;;;x
b_nalin_3;Nalin;Nalin;Nalin;;Nalin;;;;;;;;;x
b_nalin_3_adj;Nalinian;;naliner;;;;;;;;;;;x
b_nalin_4;Nalin;Nalin;Nalin;;Nalin;;;;;;;;;x
b_nalin_4_adj;Nalinian;;naliner;;;;;;;;;;;x
b_nalin_5;Nalin;Nalin;Nalin;;Nalin;;;;;;;;;x
b_nalin_5_adj;Nalinian;;naliner;;;;;;;;;;;x
b_namoudoz;Namoudoz;Namoudoz;Namoudoz;;Namoudoz;;;;;;;;;x
b_namoudoz_adj;Namoudozian;;namoudozer;;;;;;;;;;;x
b_namoudoz_2;Namoudoz;Namoudoz;Namoudoz;;Namoudoz;;;;;;;;;x
b_namoudoz_2_adj;Namoudozian;;namoudozer;;;;;;;;;;;x
b_namoudoz_3;Namoudoz;Namoudoz;Namoudoz;;Namoudoz;;;;;;;;;x
b_namoudoz_3_adj;Namoudozian;;namoudozer;;;;;;;;;;;x
b_namoudoz_4;Namoudoz;Namoudoz;Namoudoz;;Namoudoz;;;;;;;;;x
b_namoudoz_4_adj;Namoudozian;;namoudozer;;;;;;;;;;;x
b_namoudoz_5;Namoudoz;Namoudoz;Namoudoz;;Namoudoz;;;;;;;;;x
b_namoudoz_5_adj;Namoudozian;;namoudozer;;;;;;;;;;;x
b_namoudoz_6;Namoudoz;Namoudoz;Namoudoz;;Namoudoz;;;;;;;;;x
b_namoudoz_6_adj;Namoudozian;;namoudozer;;;;;;;;;;;x
b_namran;Namran;Namran;Namran;;Namran;;;;;;;;;x
b_namran_adj;Namranian;;namraner;;;;;;;;;;;x
b_nanice;Nanice;Nanice;Nanice;;Nanice;;;;;;;;;x
b_nanice_adj;Nanicean;;nanicer;;;;;;;;;;;x
b_nanice_2;Nanice;Nanice;Nanice;;Nanice;;;;;;;;;x
b_nanice_2_adj;Nanicean;;nanicer;;;;;;;;;;;x
b_nanice_3;Nanice;Nanice;Nanice;;Nanice;;;;;;;;;x
b_nanice_3_adj;Nanicean;;nanicer;;;;;;;;;;;x
b_nanice_4;Nanice;Nanice;Nanice;;Nanice;;;;;;;;;x
b_nanice_4_adj;Nanicean;;nanicer;;;;;;;;;;;x
b_nanice_5;Nanice;Nanice;Nanice;;Nanice;;;;;;;;;x
b_nanice_5_adj;Nanicean;;nanicer;;;;;;;;;;;x
b_nanice_6;Nanice;Nanice;Nanice;;Nanice;;;;;;;;;x
b_nanice_6_adj;Nanicean;;nanicer;;;;;;;;;;;x
b_nanice_7;Nanice;Nanice;Nanice;;Nanice;;;;;;;;;x
b_nanice_7_adj;Nanicean;;nanicer;;;;;;;;;;;x
b_naogaon;Naogaon;Naogaon;Naogaon;;Naogaon;;;;;;;;;x
b_naogaon_adj;Naogaonian;;naogaoner;;;;;;;;;;;x
b_nashane;Nashane;Nashane;Nashane;;Nashane;;;;;;;;;x
b_nashane_adj;Nashanean;;nashaner;;;;;;;;;;;x
b_nasoria;Nasoria;Nasoria;Nasoria;;Nasoria;;;;;;;;;x
b_nasoria_adj;Nasorian;;nasorer;;;;;;;;;;;x
b_natania;Natania;Natania;Natania;;Natania;;;;;;;;;x
b_natania_adj;Natanian;;nataner;;;;;;;;;;;x
b_naucreucia;Naucreucia;Naucreucia;Naucreucia;;Naucreucia;;;;;;;;;x
b_naucreucia_adj;Naucreucian;;naucreucer;;;;;;;;;;;x
b_naucricapaeum;Naucricapaeum;Naucricapaeum;Naucricapaeum;;Naucricapaeum;;;;;;;;;x
b_naucricapaeum_adj;Naucricapaeumian;;naucricapaeumer;;;;;;;;;;;x
b_naucricapaeum_2;Naucricapaeum;Naucricapaeum;Naucricapaeum;;Naucricapaeum;;;;;;;;;x
b_naucricapaeum_2_adj;Naucricapaeumian;;naucricapaeumer;;;;;;;;;;;x
b_naucricapaeum_3;Naucricapaeum;Naucricapaeum;Naucricapaeum;;Naucricapaeum;;;;;;;;;x
b_naucricapaeum_3_adj;Naucricapaeumian;;naucricapaeumer;;;;;;;;;;;x
b_naucricapaeum_4;Naucricapaeum;Naucricapaeum;Naucricapaeum;;Naucricapaeum;;;;;;;;;x
b_naucricapaeum_4_adj;Naucricapaeumian;;naucricapaeumer;;;;;;;;;;;x
b_nealonghi;Nealonghi;Nealonghi;Nealonghi;;Nealonghi;;;;;;;;;x
b_nealonghi_adj;Nealonghian;;nealongher;;;;;;;;;;;x
b_nealonghi_2;Nealonghi;Nealonghi;Nealonghi;;Nealonghi;;;;;;;;;x
b_nealonghi_2_adj;Nealonghian;;nealongher;;;;;;;;;;;x
b_nealonghi_3;Nealonghi;Nealonghi;Nealonghi;;Nealonghi;;;;;;;;;x
b_nealonghi_3_adj;Nealonghian;;nealongher;;;;;;;;;;;x
b_nealonghi_4;Nealonghi;Nealonghi;Nealonghi;;Nealonghi;;;;;;;;;x
b_nealonghi_4_adj;Nealonghian;;nealongher;;;;;;;;;;;x
b_nebiollar;Nebiollar;Nebiollar;Nebiollar;;Nebiollar;;;;;;;;;x
b_nebiollar_adj;Nebiollarian;;nebiollarer;;;;;;;;;;;x
b_nelin;Nelin;Nelin;Nelin;;Nelin;;;;;;;;;x
b_nelin_adj;Nelinian;;neliner;;;;;;;;;;;x
b_nerata;Nerata;Nerata;Nerata;;Nerata;;;;;;;;;x
b_nerata_adj;Neratan;;nerater;;;;;;;;;;;x
b_nibel;Nibel;Nibel;Nibel;;Nibel;;;;;;;;;x
b_nibel_adj;Nibelian;;nibeler;;;;;;;;;;;x
b_nirastro;Nirastro;Nirastro;Nirastro;;Nirastro;;;;;;;;;x
b_nirastro_adj;Nirastrian;;nirastrer;;;;;;;;;;;x
b_nireucia;Nireucia;Nireucia;Nireucia;;Nireucia;;;;;;;;;x
b_nireucia_adj;Nireucian;;nireucer;;;;;;;;;;;x
b_nireucia_2;Nireucia;Nireucia;Nireucia;;Nireucia;;;;;;;;;x
b_nireucia_2_adj;Nireucian;;nireucer;;;;;;;;;;;x
b_nireucia_3;Nireucia;Nireucia;Nireucia;;Nireucia;;;;;;;;;x
b_nireucia_3_adj;Nireucian;;nireucer;;;;;;;;;;;x
b_nireucia_4;Nireucia;Nireucia;Nireucia;;Nireucia;;;;;;;;;x
b_nireucia_4_adj;Nireucian;;nireucer;;;;;;;;;;;x
b_nusattin;Nusattin;Nusattin;Nusattin;;Nusattin;;;;;;;;;x
b_nusattin_adj;Nusattinian;;nusattiner;;;;;;;;;;;x
b_nusattin_2;Nusattin;Nusattin;Nusattin;;Nusattin;;;;;;;;;x
b_nusattin_2_adj;Nusattinian;;nusattiner;;;;;;;;;;;x
b_nusattin_3;Nusattin;Nusattin;Nusattin;;Nusattin;;;;;;;;;x
b_nusattin_3_adj;Nusattinian;;nusattiner;;;;;;;;;;;x
b_nusattin_4;Nusattin;Nusattin;Nusattin;;Nusattin;;;;;;;;;x
b_nusattin_4_adj;Nusattinian;;nusattiner;;;;;;;;;;;x
b_nwotzkia;Nwotzkia;Nwotzkia;Nwotzkia;;Nwotzkia;;;;;;;;;x
b_nwotzkia_adj;Nwotzkian;;nwotzker;;;;;;;;;;;x
b_odithos;Odithos;Odithos;Odithos;;Odithos;;;;;;;;;x
b_odithos_adj;Odithosian;;odithoser;;;;;;;;;;;x
b_odithos_2;Odithos;Odithos;Odithos;;Odithos;;;;;;;;;x
b_odithos_2_adj;Odithosian;;odithoser;;;;;;;;;;;x
b_odithos_3;Odithos;Odithos;Odithos;;Odithos;;;;;;;;;x
b_odithos_3_adj;Odithosian;;odithoser;;;;;;;;;;;x
b_odithos_4;Odithos;Odithos;Odithos;;Odithos;;;;;;;;;x
b_odithos_4_adj;Odithosian;;odithoser;;;;;;;;;;;x
b_odorion;Odorion;Odorion;Odorion;;Odorion;;;;;;;;;x
b_odorion_adj;Odorionian;;odorioner;;;;;;;;;;;x
b_ohaneus;Ohaneus;Ohaneus;Ohaneus;;Ohaneus;;;;;;;;;x
b_ohaneus_adj;Ohaneusian;;ohaneuser;;;;;;;;;;;x
b_ojagh;Ojagh;Ojagh;Ojagh;;Ojagh;;;;;;;;;x
b_ojagh_adj;Ojaghian;;ojagher;;;;;;;;;;;x
b_olirea;Olirea;Olirea;Olirea;;Olirea;;;;;;;;;x
b_olirea_adj;Olirean;;olirer;;;;;;;;;;;x
b_olympena;Olympena;Olympena;Olympena;;Olympena;;;;;;;;;x
b_olympena_adj;Olympenan;;olympener;;;;;;;;;;;x
b_olympena_2;Olympena;Olympena;Olympena;;Olympena;;;;;;;;;x
b_olympena_2_adj;Olympenan;;olympener;;;;;;;;;;;x
b_olympena_3;Olympena;Olympena;Olympena;;Olympena;;;;;;;;;x
b_olympena_3_adj;Olympenan;;olympener;;;;;;;;;;;x
b_olythepios;Olythepios;Olythepios;Olythepios;;Olythepios;;;;;;;;;x
b_olythepios_adj;Olythepiosian;;olythepioser;;;;;;;;;;;x
b_olythepios_2;Olythepios;Olythepios;Olythepios;;Olythepios;;;;;;;;;x
b_olythepios_2_adj;Olythepiosian;;olythepioser;;;;;;;;;;;x
b_olythepios_3;Olythepios;Olythepios;Olythepios;;Olythepios;;;;;;;;;x
b_olythepios_3_adj;Olythepiosian;;olythepioser;;;;;;;;;;;x
b_olythepios_4;Olythepios;Olythepios;Olythepios;;Olythepios;;;;;;;;;x
b_olythepios_4_adj;Olythepiosian;;olythepioser;;;;;;;;;;;x
b_olythepios_5;Olythepios;Olythepios;Olythepios;;Olythepios;;;;;;;;;x
b_olythepios_5_adj;Olythepiosian;;olythepioser;;;;;;;;;;;x
b_omukapi;Omukapi;Omukapi;Omukapi;;Omukapi;;;;;;;;;x
b_omukapi_adj;Omukapian;;omukaper;;;;;;;;;;;x
b_omukapi_2;Omukapi;Omukapi;Omukapi;;Omukapi;;;;;;;;;x
b_omukapi_2_adj;Omukapian;;omukaper;;;;;;;;;;;x
b_omukapi_3;Omukapi;Omukapi;Omukapi;;Omukapi;;;;;;;;;x
b_omukapi_3_adj;Omukapian;;omukaper;;;;;;;;;;;x
b_omukapi_4;Omukapi;Omukapi;Omukapi;;Omukapi;;;;;;;;;x
b_omukapi_4_adj;Omukapian;;omukaper;;;;;;;;;;;x
b_omukapi_5;Omukapi;Omukapi;Omukapi;;Omukapi;;;;;;;;;x
b_omukapi_5_adj;Omukapian;;omukaper;;;;;;;;;;;x
b_omukapi_6;Omukapi;Omukapi;Omukapi;;Omukapi;;;;;;;;;x
b_omukapi_6_adj;Omukapian;;omukaper;;;;;;;;;;;x
b_opustil;Opustil;Opustil;Opustil;;Opustil;;;;;;;;;x
b_opustil_adj;Opustilian;;opustiler;;;;;;;;;;;x
b_opustil_2;Opustil;Opustil;Opustil;;Opustil;;;;;;;;;x
b_opustil_2_adj;Opustilian;;opustiler;;;;;;;;;;;x
b_opustil_3;Opustil;Opustil;Opustil;;Opustil;;;;;;;;;x
b_opustil_3_adj;Opustilian;;opustiler;;;;;;;;;;;x
b_opustil_4;Opustil;Opustil;Opustil;;Opustil;;;;;;;;;x
b_opustil_4_adj;Opustilian;;opustiler;;;;;;;;;;;x
b_oraliana;Oraliana;Oraliana;Oraliana;;Oraliana;;;;;;;;;x
b_oraliana_adj;Oralianan;;oralianer;;;;;;;;;;;x
b_oraliana_2;Oraliana;Oraliana;Oraliana;;Oraliana;;;;;;;;;x
b_oraliana_2_adj;Oralianan;;oralianer;;;;;;;;;;;x
b_orchanthus;Orchanthus;Orchanthus;Orchanthus;;Orchanthus;;;;;;;;;x
b_orchanthus_adj;Orchanthusian;;orchanthuser;;;;;;;;;;;x
b_orchanthus_2;Orchanthus;Orchanthus;Orchanthus;;Orchanthus;;;;;;;;;x
b_orchanthus_2_adj;Orchanthusian;;orchanthuser;;;;;;;;;;;x
b_orchanthus_3;Orchanthus;Orchanthus;Orchanthus;;Orchanthus;;;;;;;;;x
b_orchanthus_3_adj;Orchanthusian;;orchanthuser;;;;;;;;;;;x
b_orchanthus_4;Orchanthus;Orchanthus;Orchanthus;;Orchanthus;;;;;;;;;x
b_orchanthus_4_adj;Orchanthusian;;orchanthuser;;;;;;;;;;;x
b_orchanthus_5;Orchanthus;Orchanthus;Orchanthus;;Orchanthus;;;;;;;;;x
b_orchanthus_5_adj;Orchanthusian;;orchanthuser;;;;;;;;;;;x
b_oruchan;Oruchan;Oruchan;Oruchan;;Oruchan;;;;;;;;;x
b_oruchan_adj;Oruchanian;;oruchaner;;;;;;;;;;;x
b_osatavi;Osatavi;Osatavi;Osatavi;;Osatavi;;;;;;;;;x
b_osatavi_adj;Osatavian;;osataver;;;;;;;;;;;x
b_ostronec;Ostronec;Ostronec;Ostronec;;Ostronec;;;;;;;;;x
b_ostronec_adj;Ostronecian;;ostronecer;;;;;;;;;;;x
b_osuin;Osuin;Osuin;Osuin;;Osuin;;;;;;;;;x
b_osuin_adj;Osuinian;;osuiner;;;;;;;;;;;x
b_oyooqraa;Oyooqraa;Oyooqraa;Oyooqraa;;Oyooqraa;;;;;;;;;x
b_oyooqraa_adj;Oyooqraan;;oyooqrer;;;;;;;;;;;x
b_oyootgat;Oyootgat;Oyootgat;Oyootgat;;Oyootgat;;;;;;;;;x
b_oyootgat_adj;Oyootgatian;;oyootgater;;;;;;;;;;;x
b_panos;Panos;Panos;Panos;;Panos;;;;;;;;;x
b_panos_adj;Panosian;;panoser;;;;;;;;;;;x
b_pantagra;Pantagra;Pantagra;Pantagra;;Pantagra;;;;;;;;;x
b_pantagra_adj;Pantagran;;pantagrer;;;;;;;;;;;x
b_parwiz;Parwiz;Parwiz;Parwiz;;Parwiz;;;;;;;;;x
b_parwiz_adj;Parwizian;;parwizer;;;;;;;;;;;x
b_paviles;Paviles;Paviles;Paviles;;Paviles;;;;;;;;;x
b_paviles_adj;Pavilesian;;pavileser;;;;;;;;;;;x
b_pavola;Pavola;Pavola;Pavola;;Pavola;;;;;;;;;x
b_pavola_adj;Pavolan;;pavoler;;;;;;;;;;;x
b_pavola_2;Pavola;Pavola;Pavola;;Pavola;;;;;;;;;x
b_pavola_2_adj;Pavolan;;pavoler;;;;;;;;;;;x
b_pavola_3;Pavola;Pavola;Pavola;;Pavola;;;;;;;;;x
b_pavola_3_adj;Pavolan;;pavoler;;;;;;;;;;;x
b_pavola_4;Pavola;Pavola;Pavola;;Pavola;;;;;;;;;x
b_pavola_4_adj;Pavolan;;pavoler;;;;;;;;;;;x
b_pavola_5;Pavola;Pavola;Pavola;;Pavola;;;;;;;;;x
b_pavola_5_adj;Pavolan;;pavoler;;;;;;;;;;;x
b_pazanbey;Pazanbey;Pazanbey;Pazanbey;;Pazanbey;;;;;;;;;x
b_pazanbey_adj;Pazanbeian;;pazanbeer;;;;;;;;;;;x
b_pelerikon;Pelerikon;Pelerikon;Pelerikon;;Pelerikon;;;;;;;;;x
b_pelerikon_adj;Pelerikonian;;pelerikoner;;;;;;;;;;;x
b_pelerikon_2;Pelerikon;Pelerikon;Pelerikon;;Pelerikon;;;;;;;;;x
b_pelerikon_2_adj;Pelerikonian;;pelerikoner;;;;;;;;;;;x
b_pelerikon_3;Pelerikon;Pelerikon;Pelerikon;;Pelerikon;;;;;;;;;x
b_pelerikon_3_adj;Pelerikonian;;pelerikoner;;;;;;;;;;;x
b_pelerikon_4;Pelerikon;Pelerikon;Pelerikon;;Pelerikon;;;;;;;;;x
b_pelerikon_4_adj;Pelerikonian;;pelerikoner;;;;;;;;;;;x
b_pelerikon_5;Pelerikon;Pelerikon;Pelerikon;;Pelerikon;;;;;;;;;x
b_pelerikon_5_adj;Pelerikonian;;pelerikoner;;;;;;;;;;;x
b_pelili;Pelili;Pelili;Pelili;;Pelili;;;;;;;;;x
b_pelili_adj;Pelilian;;peliler;;;;;;;;;;;x
b_perustosia;Perustosia;Perustosia;Perustosia;;Perustosia;;;;;;;;;x
b_perustosia_adj;Perustosian;;perustoser;;;;;;;;;;;x
b_perustosia_2;Perustosia;Perustosia;Perustosia;;Perustosia;;;;;;;;;x
b_perustosia_2_adj;Perustosian;;perustoser;;;;;;;;;;;x
b_perustosia_3;Perustosia;Perustosia;Perustosia;;Perustosia;;;;;;;;;x
b_perustosia_3_adj;Perustosian;;perustoser;;;;;;;;;;;x
b_perustosia_4;Perustosia;Perustosia;Perustosia;;Perustosia;;;;;;;;;x
b_perustosia_4_adj;Perustosian;;perustoser;;;;;;;;;;;x
b_petraia;Petraia;Petraia;Petraia;;Petraia;;;;;;;;;x
b_petraia_adj;Petraian;;petrer;;;;;;;;;;;x
b_petsamahos;Petsamahos;Petsamahos;Petsamahos;;Petsamahos;;;;;;;;;x
b_petsamahos_adj;Petsamahosian;;petsamahoser;;;;;;;;;;;x
b_phasarnassus;Phasarnassus;Phasarnassus;Phasarnassus;;Phasarnassus;;;;;;;;;x
b_phasarnassus_adj;Phasarnassusian;;phasarnassuser;;;;;;;;;;;x
b_phererae;Phererae;Phererae;Phererae;;Phererae;;;;;;;;;x
b_phererae_adj;Phereraean;;phererer;;;;;;;;;;;x
b_phocastro;Phocastro;Phocastro;Phocastro;;Phocastro;;;;;;;;;x
b_phocastro_adj;Phocastrian;;phocastrer;;;;;;;;;;;x
b_phocastro_2;Phocastro;Phocastro;Phocastro;;Phocastro;;;;;;;;;x
b_phocastro_2_adj;Phocastrian;;phocastrer;;;;;;;;;;;x
b_phocastro_3;Phocastro;Phocastro;Phocastro;;Phocastro;;;;;;;;;x
b_phocastro_3_adj;Phocastrian;;phocastrer;;;;;;;;;;;x
b_phocastro_4;Phocastro;Phocastro;Phocastro;;Phocastro;;;;;;;;;x
b_phocastro_4_adj;Phocastrian;;phocastrer;;;;;;;;;;;x
b_phocastro_5;Phocastro;Phocastro;Phocastro;;Phocastro;;;;;;;;;x
b_phocastro_5_adj;Phocastrian;;phocastrer;;;;;;;;;;;x
b_phocikon;Phocikon;Phocikon;Phocikon;;Phocikon;;;;;;;;;x
b_phocikon_adj;Phocikonian;;phocikoner;;;;;;;;;;;x
b_picelermo;Picelermo;Picelermo;Picelermo;;Picelermo;;;;;;;;;x
b_picelermo_adj;Picelermian;;picelermer;;;;;;;;;;;x
b_picelermo_2;Picelermo;Picelermo;Picelermo;;Picelermo;;;;;;;;;x
b_picelermo_2_adj;Picelermian;;picelermer;;;;;;;;;;;x
b_picelermo_3;Picelermo;Picelermo;Picelermo;;Picelermo;;;;;;;;;x
b_picelermo_3_adj;Picelermian;;picelermer;;;;;;;;;;;x
b_picelermo_4;Picelermo;Picelermo;Picelermo;;Picelermo;;;;;;;;;x
b_picelermo_4_adj;Picelermian;;picelermer;;;;;;;;;;;x
b_picelermo_5;Picelermo;Picelermo;Picelermo;;Picelermo;;;;;;;;;x
b_picelermo_5_adj;Picelermian;;picelermer;;;;;;;;;;;x
b_pinanozu;Pinanozu;Pinanozu;Pinanozu;;Pinanozu;;;;;;;;;x
b_pinanozu_adj;Pinanozian;;pinanozer;;;;;;;;;;;x
b_piragheh;Piragheh;Piragheh;Piragheh;;Piragheh;;;;;;;;;x
b_piragheh_adj;Piraghehian;;piragheher;;;;;;;;;;;x
b_piviso;Piviso;Piviso;Piviso;;Piviso;;;;;;;;;x
b_piviso_adj;Pivisian;;piviser;;;;;;;;;;;x
b_piviso_2;Piviso;Piviso;Piviso;;Piviso;;;;;;;;;x
b_piviso_2_adj;Pivisian;;piviser;;;;;;;;;;;x
b_piviso_3;Piviso;Piviso;Piviso;;Piviso;;;;;;;;;x
b_piviso_3_adj;Pivisian;;piviser;;;;;;;;;;;x
b_piviso_4;Piviso;Piviso;Piviso;;Piviso;;;;;;;;;x
b_piviso_4_adj;Pivisian;;piviser;;;;;;;;;;;x
b_piviso_5;Piviso;Piviso;Piviso;;Piviso;;;;;;;;;x
b_piviso_5_adj;Pivisian;;piviser;;;;;;;;;;;x
b_pixarnacia;Pixarnacia;Pixarnacia;Pixarnacia;;Pixarnacia;;;;;;;;;x
b_pixarnacia_adj;Pixarnacian;;pixarnacer;;;;;;;;;;;x
b_pixarnacia_2;Pixarnacia;Pixarnacia;Pixarnacia;;Pixarnacia;;;;;;;;;x
b_pixarnacia_2_adj;Pixarnacian;;pixarnacer;;;;;;;;;;;x
b_pixarnacia_3;Pixarnacia;Pixarnacia;Pixarnacia;;Pixarnacia;;;;;;;;;x
b_pixarnacia_3_adj;Pixarnacian;;pixarnacer;;;;;;;;;;;x
b_pixarnacia_4;Pixarnacia;Pixarnacia;Pixarnacia;;Pixarnacia;;;;;;;;;x
b_pixarnacia_4_adj;Pixarnacian;;pixarnacer;;;;;;;;;;;x
b_pletanek;Pletanek;Pletanek;Pletanek;;Pletanek;;;;;;;;;x
b_pletanek_adj;Pletanekian;;pletaneker;;;;;;;;;;;x
b_pletanek_2;Pletanek;Pletanek;Pletanek;;Pletanek;;;;;;;;;x
b_pletanek_2_adj;Pletanekian;;pletaneker;;;;;;;;;;;x
b_pletanek_3;Pletanek;Pletanek;Pletanek;;Pletanek;;;;;;;;;x
b_pletanek_3_adj;Pletanekian;;pletaneker;;;;;;;;;;;x
b_pletanek_4;Pletanek;Pletanek;Pletanek;;Pletanek;;;;;;;;;x
b_pletanek_4_adj;Pletanekian;;pletaneker;;;;;;;;;;;x
b_pracino;Pracino;Pracino;Pracino;;Pracino;;;;;;;;;x
b_pracino_adj;Pracinian;;praciner;;;;;;;;;;;x
b_pracino_2;Pracino;Pracino;Pracino;;Pracino;;;;;;;;;x
b_pracino_2_adj;Pracinian;;praciner;;;;;;;;;;;x
b_pracino_3;Pracino;Pracino;Pracino;;Pracino;;;;;;;;;x
b_pracino_3_adj;Pracinian;;praciner;;;;;;;;;;;x
b_pracino_4;Pracino;Pracino;Pracino;;Pracino;;;;;;;;;x
b_pracino_4_adj;Pracinian;;praciner;;;;;;;;;;;x
b_pracino_5;Pracino;Pracino;Pracino;;Pracino;;;;;;;;;x
b_pracino_5_adj;Pracinian;;praciner;;;;;;;;;;;x
b_prazara;Prazara;Prazara;Prazara;;Prazara;;;;;;;;;x
b_prazara_adj;Prazaran;;prazarer;;;;;;;;;;;x
b_prazara_2;Prazara;Prazara;Prazara;;Prazara;;;;;;;;;x
b_prazara_2_adj;Prazaran;;prazarer;;;;;;;;;;;x
b_prazara_3;Prazara;Prazara;Prazara;;Prazara;;;;;;;;;x
b_prazara_3_adj;Prazaran;;prazarer;;;;;;;;;;;x
b_prazara_4;Prazara;Prazara;Prazara;;Prazara;;;;;;;;;x
b_prazara_4_adj;Prazaran;;prazarer;;;;;;;;;;;x
b_prejov;Prejov;Prejov;Prejov;;Prejov;;;;;;;;;x
b_prejov_adj;Prejovian;;prejover;;;;;;;;;;;x
b_pretara;Pretara;Pretara;Pretara;;Pretara;;;;;;;;;x
b_pretara_adj;Pretaran;;pretarer;;;;;;;;;;;x
b_pretara_2;Pretara;Pretara;Pretara;;Pretara;;;;;;;;;x
b_pretara_2_adj;Pretaran;;pretarer;;;;;;;;;;;x
b_pretara_3;Pretara;Pretara;Pretara;;Pretara;;;;;;;;;x
b_pretara_3_adj;Pretaran;;pretarer;;;;;;;;;;;x
b_primorekin;Primorekin;Primorekin;Primorekin;;Primorekin;;;;;;;;;x
b_primorekin_adj;Primorekinian;;primorekiner;;;;;;;;;;;x
b_primorekin_2;Primorekin;Primorekin;Primorekin;;Primorekin;;;;;;;;;x
b_primorekin_2_adj;Primorekinian;;primorekiner;;;;;;;;;;;x
b_primorekin_3;Primorekin;Primorekin;Primorekin;;Primorekin;;;;;;;;;x
b_primorekin_3_adj;Primorekinian;;primorekiner;;;;;;;;;;;x
b_primorekin_4;Primorekin;Primorekin;Primorekin;;Primorekin;;;;;;;;;x
b_primorekin_4_adj;Primorekinian;;primorekiner;;;;;;;;;;;x
b_psezus;Psezus;Psezus;Psezus;;Psezus;;;;;;;;;x
b_psezus_adj;Psezusian;;psezuser;;;;;;;;;;;x
b_psezus_2;Psezus;Psezus;Psezus;;Psezus;;;;;;;;;x
b_psezus_2_adj;Psezusian;;psezuser;;;;;;;;;;;x
b_psezus_3;Psezus;Psezus;Psezus;;Psezus;;;;;;;;;x
b_psezus_3_adj;Psezusian;;psezuser;;;;;;;;;;;x
b_pyleron;Pyleron;Pyleron;Pyleron;;Pyleron;;;;;;;;;x
b_pyleron_adj;Pyleronian;;pyleroner;;;;;;;;;;;x
b_pyleron_2;Pyleron;Pyleron;Pyleron;;Pyleron;;;;;;;;;x
b_pyleron_2_adj;Pyleronian;;pyleroner;;;;;;;;;;;x
b_pyleron_3;Pyleron;Pyleron;Pyleron;;Pyleron;;;;;;;;;x
b_pyleron_3_adj;Pyleronian;;pyleroner;;;;;;;;;;;x
b_pyleron_4;Pyleron;Pyleron;Pyleron;;Pyleron;;;;;;;;;x
b_pyleron_4_adj;Pyleronian;;pyleroner;;;;;;;;;;;x
b_pyleron_5;Pyleron;Pyleron;Pyleron;;Pyleron;;;;;;;;;x
b_pyleron_5_adj;Pyleronian;;pyleroner;;;;;;;;;;;x
b_quahamiya;Quahamiya;Quahamiya;Quahamiya;;Quahamiya;;;;;;;;;x
b_quahamiya_adj;Quahamiyan;;quahamer;;;;;;;;;;;x
b_quaira;Quaira;Quaira;Quaira;;Quaira;;;;;;;;;x
b_quaira_adj;Quairan;;quairer;;;;;;;;;;;x
b_quallifag;Quallifag;Quallifag;Quallifag;;Quallifag;;;;;;;;;x
b_quallifag_adj;Quallifagian;;quallifager;;;;;;;;;;;x
b_quanayji;Quanayji;Quanayji;Quanayji;;Quanayji;;;;;;;;;x
b_quanayji_adj;Quanayjian;;quanayjer;;;;;;;;;;;x
b_quarazil;Quarazil;Quarazil;Quarazil;;Quarazil;;;;;;;;;x
b_quarazil_adj;Quarazilian;;quaraziler;;;;;;;;;;;x
b_questa;Questa;Questa;Questa;;Questa;;;;;;;;;x
b_questa_adj;Questan;;quester;;;;;;;;;;;x
b_quiniyah;Quiniyah;Quiniyah;Quiniyah;;Quiniyah;;;;;;;;;x
b_quiniyah_adj;Quiniyahian;;quiniyaher;;;;;;;;;;;x
b_quiziluk;Quiziluk;Quiziluk;Quiziluk;;Quiziluk;;;;;;;;;x
b_quiziluk_adj;Quizilukian;;quiziluker;;;;;;;;;;;x
b_qukhit;Qukhit;Qukhit;Qukhit;;Qukhit;;;;;;;;;x
b_qukhit_adj;Qukhitian;;qukhiter;;;;;;;;;;;x
b_quolwan;Quolwan;Quolwan;Quolwan;;Quolwan;;;;;;;;;x
b_quolwan_adj;Quolwanian;;quolwaner;;;;;;;;;;;x
b_quonuler;Quonuler;Quonuler;Quonuler;;Quonuler;;;;;;;;;x
b_quonuler_adj;Quonulerian;;quonulerer;;;;;;;;;;;x
b_quyji;Quyji;Quyji;Quyji;;Quyji;;;;;;;;;x
b_quyji_adj;Quyjian;;quyjer;;;;;;;;;;;x
b_rabahir;Rabahir;Rabahir;Rabahir;;Rabahir;;;;;;;;;x
b_rabahir_adj;Rabahirian;;rabahirer;;;;;;;;;;;x
b_rabahir_2;Rabahir;Rabahir;Rabahir;;Rabahir;;;;;;;;;x
b_rabahir_2_adj;Rabahirian;;rabahirer;;;;;;;;;;;x
b_rabahir_3;Rabahir;Rabahir;Rabahir;;Rabahir;;;;;;;;;x
b_rabahir_3_adj;Rabahirian;;rabahirer;;;;;;;;;;;x
b_rabahir_4;Rabahir;Rabahir;Rabahir;;Rabahir;;;;;;;;;x
b_rabahir_4_adj;Rabahirian;;rabahirer;;;;;;;;;;;x
b_rabahir_5;Rabahir;Rabahir;Rabahir;;Rabahir;;;;;;;;;x
b_rabahir_5_adj;Rabahirian;;rabahirer;;;;;;;;;;;x
b_radus;Radus;Radus;Radus;;Radus;;;;;;;;;x
b_radus_adj;Radusian;;raduser;;;;;;;;;;;x
b_rajhada;Rajhada;Rajhada;Rajhada;;Rajhada;;;;;;;;;x
b_rajhada_adj;Rajhadan;;rajhader;;;;;;;;;;;x
b_rajhada_2;Rajhada;Rajhada;Rajhada;;Rajhada;;;;;;;;;x
b_rajhada_2_adj;Rajhadan;;rajhader;;;;;;;;;;;x
b_rajhada_3;Rajhada;Rajhada;Rajhada;;Rajhada;;;;;;;;;x
b_rajhada_3_adj;Rajhadan;;rajhader;;;;;;;;;;;x
b_rajhada_4;Rajhada;Rajhada;Rajhada;;Rajhada;;;;;;;;;x
b_rajhada_4_adj;Rajhadan;;rajhader;;;;;;;;;;;x
b_rajhada_5;Rajhada;Rajhada;Rajhada;;Rajhada;;;;;;;;;x
b_rajhada_5_adj;Rajhadan;;rajhader;;;;;;;;;;;x
b_rajhada_6;Rajhada;Rajhada;Rajhada;;Rajhada;;;;;;;;;x
b_rajhada_6_adj;Rajhadan;;rajhader;;;;;;;;;;;x
b_rashteti;Rashteti;Rashteti;Rashteti;;Rashteti;;;;;;;;;x
b_rashteti_adj;Rashtetian;;rashteter;;;;;;;;;;;x
b_rebin;Rebin;Rebin;Rebin;;Rebin;;;;;;;;;x
b_rebin_adj;Rebinian;;rebiner;;;;;;;;;;;x
b_resinde;Resinde;Resinde;Resinde;;Resinde;;;;;;;;;x
b_resinde_adj;Resindean;;resinder;;;;;;;;;;;x
b_resinde_2;Resinde;Resinde;Resinde;;Resinde;;;;;;;;;x
b_resinde_2_adj;Resindean;;resinder;;;;;;;;;;;x
b_resinde_3;Resinde;Resinde;Resinde;;Resinde;;;;;;;;;x
b_resinde_3_adj;Resindean;;resinder;;;;;;;;;;;x
b_resinde_4;Resinde;Resinde;Resinde;;Resinde;;;;;;;;;x
b_resinde_4_adj;Resindean;;resinder;;;;;;;;;;;x
b_respa;Respa;Respa;Respa;;Respa;;;;;;;;;x
b_respa_adj;Respan;;resper;;;;;;;;;;;x
b_rhodampos;Rhodampos;Rhodampos;Rhodampos;;Rhodampos;;;;;;;;;x
b_rhodampos_adj;Rhodamposian;;rhodamposer;;;;;;;;;;;x
b_ricimer;Ricimer;Ricimer;Ricimer;;Ricimer;;;;;;;;;x
b_ricimer_adj;Ricimerian;;ricimerer;;;;;;;;;;;x
b_ridis;Ridis;Ridis;Ridis;;Ridis;;;;;;;;;x
b_ridis_adj;Ridisian;;ridiser;;;;;;;;;;;x
b_rioris;Rioris;Rioris;Rioris;;Rioris;;;;;;;;;x
b_rioris_adj;Riorisian;;rioriser;;;;;;;;;;;x
b_riova;Riova;Riova;Riova;;Riova;;;;;;;;;x
b_riova_adj;Riovan;;riover;;;;;;;;;;;x
b_riova_2;Riova;Riova;Riova;;Riova;;;;;;;;;x
b_riova_2_adj;Riovan;;riover;;;;;;;;;;;x
b_riova_3;Riova;Riova;Riova;;Riova;;;;;;;;;x
b_riova_3_adj;Riovan;;riover;;;;;;;;;;;x
b_riova_4;Riova;Riova;Riova;;Riova;;;;;;;;;x
b_riova_4_adj;Riovan;;riover;;;;;;;;;;;x
b_riova_5;Riova;Riova;Riova;;Riova;;;;;;;;;x
b_riova_5_adj;Riovan;;riover;;;;;;;;;;;x
b_rishita;Rishita;Rishita;Rishita;;Rishita;;;;;;;;;x
b_rishita_adj;Rishitan;;rishiter;;;;;;;;;;;x
b_rishita_2;Rishita;Rishita;Rishita;;Rishita;;;;;;;;;x
b_rishita_2_adj;Rishitan;;rishiter;;;;;;;;;;;x
b_rishita_3;Rishita;Rishita;Rishita;;Rishita;;;;;;;;;x
b_rishita_3_adj;Rishitan;;rishiter;;;;;;;;;;;x
b_rmoutiz;Rmoutiz;Rmoutiz;Rmoutiz;;Rmoutiz;;;;;;;;;x
b_rmoutiz_adj;Rmoutizian;;rmoutizer;;;;;;;;;;;x
b_rmoutiz_2;Rmoutiz;Rmoutiz;Rmoutiz;;Rmoutiz;;;;;;;;;x
b_rmoutiz_2_adj;Rmoutizian;;rmoutizer;;;;;;;;;;;x
b_rmoutiz_3;Rmoutiz;Rmoutiz;Rmoutiz;;Rmoutiz;;;;;;;;;x
b_rmoutiz_3_adj;Rmoutizian;;rmoutizer;;;;;;;;;;;x
b_rmoutiz_4;Rmoutiz;Rmoutiz;Rmoutiz;;Rmoutiz;;;;;;;;;x
b_rmoutiz_4_adj;Rmoutizian;;rmoutizer;;;;;;;;;;;x
b_ruclaw;Ruclaw;Ruclaw;Ruclaw;;Ruclaw;;;;;;;;;x
b_ruclaw_adj;Ruclawian;;ruclawer;;;;;;;;;;;x
b_rumarout;Rumarout;Rumarout;Rumarout;;Rumarout;;;;;;;;;x
b_rumarout_adj;Rumaroutian;;rumarouter;;;;;;;;;;;x
b_rylkymet;Rylkymet;Rylkymet;Rylkymet;;Rylkymet;;;;;;;;;x
b_rylkymet_adj;Rylkymetian;;rylkymeter;;;;;;;;;;;x
b_saasaniyas;Saasaniyas;Saasaniyas;Saasaniyas;;Saasaniyas;;;;;;;;;x
b_saasaniyas_adj;Saasaniyasian;;saasaniyaser;;;;;;;;;;;x
b_sabin;Sabin;Sabin;Sabin;;Sabin;;;;;;;;;x
b_sabin_adj;Sabinian;;sabiner;;;;;;;;;;;x
b_saida;Saida;Saida;Saida;;Saida;;;;;;;;;x
b_saida_adj;Saidan;;saider;;;;;;;;;;;x
b_saidal;Saidal;Saidal;Saidal;;Saidal;;;;;;;;;x
b_saidal_adj;Saidalian;;saidaler;;;;;;;;;;;x
b_sakayla;Sakayla;Sakayla;Sakayla;;Sakayla;;;;;;;;;x
b_sakayla_adj;Sakaylan;;sakayler;;;;;;;;;;;x
b_salarinis;Salarinis;Salarinis;Salarinis;;Salarinis;;;;;;;;;x
b_salarinis_adj;Salarinisian;;salariniser;;;;;;;;;;;x
b_salegno;Salegno;Salegno;Salegno;;Salegno;;;;;;;;;x
b_salegno_adj;Salegnian;;salegner;;;;;;;;;;;x
b_saltuzo;Saltuzo;Saltuzo;Saltuzo;;Saltuzo;;;;;;;;;x
b_saltuzo_adj;Saltuzian;;saltuzer;;;;;;;;;;;x
b_saltuzo_2;Saltuzo;Saltuzo;Saltuzo;;Saltuzo;;;;;;;;;x
b_saltuzo_2_adj;Saltuzian;;saltuzer;;;;;;;;;;;x
b_saltuzo_3;Saltuzo;Saltuzo;Saltuzo;;Saltuzo;;;;;;;;;x
b_saltuzo_3_adj;Saltuzian;;saltuzer;;;;;;;;;;;x
b_saltuzo_4;Saltuzo;Saltuzo;Saltuzo;;Saltuzo;;;;;;;;;x
b_saltuzo_4_adj;Saltuzian;;saltuzer;;;;;;;;;;;x
b_saltuzo_5;Saltuzo;Saltuzo;Saltuzo;;Saltuzo;;;;;;;;;x
b_saltuzo_5_adj;Saltuzian;;saltuzer;;;;;;;;;;;x
b_samcacevaz;Samcacevaz;Samcacevaz;Samcacevaz;;Samcacevaz;;;;;;;;;x
b_samcacevaz_adj;Samcacevazian;;samcacevazer;;;;;;;;;;;x
b_sanlau;Sanlau;Sanlau;Sanlau;;Sanlau;;;;;;;;;x
b_sanlau_adj;Sanlian;;sanler;;;;;;;;;;;x
b_sannadis;Sannadis;Sannadis;Sannadis;;Sannadis;;;;;;;;;x
b_sannadis_adj;Sannadisian;;sannadiser;;;;;;;;;;;x
b_sapra;Sapra;Sapra;Sapra;;Sapra;;;;;;;;;x
b_sapra_adj;Sapran;;saprer;;;;;;;;;;;x
b_saqufaga;Saqufaga;Saqufaga;Saqufaga;;Saqufaga;;;;;;;;;x
b_saqufaga_adj;Saqufagan;;saqufager;;;;;;;;;;;x
b_saranjan;Saranjan;Saranjan;Saranjan;;Saranjan;;;;;;;;;x
b_saranjan_adj;Saranjanian;;saranjaner;;;;;;;;;;;x
b_saraslan;Saraslan;Saraslan;Saraslan;;Saraslan;;;;;;;;;x
b_saraslan_adj;Saraslanian;;saraslaner;;;;;;;;;;;x
b_scarlatta;Scarlatta;Scarlatta;Scarlatta;;Scarlatta;;;;;;;;;x
b_scarlatta_adj;Scarlattan;;scarlatter;;;;;;;;;;;x
b_scarlatta_2;Scarlatta;Scarlatta;Scarlatta;;Scarlatta;;;;;;;;;x
b_scarlatta_2_adj;Scarlattan;;scarlatter;;;;;;;;;;;x
b_scarlatta_3;Scarlatta;Scarlatta;Scarlatta;;Scarlatta;;;;;;;;;x
b_scarlatta_3_adj;Scarlattan;;scarlatter;;;;;;;;;;;x
b_scarlatta_4;Scarlatta;Scarlatta;Scarlatta;;Scarlatta;;;;;;;;;x
b_scarlatta_4_adj;Scarlattan;;scarlatter;;;;;;;;;;;x
b_scarlatta_5;Scarlatta;Scarlatta;Scarlatta;;Scarlatta;;;;;;;;;x
b_scarlatta_5_adj;Scarlattan;;scarlatter;;;;;;;;;;;x
b_scaserta;Scaserta;Scaserta;Scaserta;;Scaserta;;;;;;;;;x
b_scaserta_adj;Scasertan;;scaserter;;;;;;;;;;;x
b_scaserta_2;Scaserta;Scaserta;Scaserta;;Scaserta;;;;;;;;;x
b_scaserta_2_adj;Scasertan;;scaserter;;;;;;;;;;;x
b_scaserta_3;Scaserta;Scaserta;Scaserta;;Scaserta;;;;;;;;;x
b_scaserta_3_adj;Scasertan;;scaserter;;;;;;;;;;;x
b_scaserta_4;Scaserta;Scaserta;Scaserta;;Scaserta;;;;;;;;;x
b_scaserta_4_adj;Scasertan;;scaserter;;;;;;;;;;;x
b_segomadura;Segomadura;Segomadura;Segomadura;;Segomadura;;;;;;;;;x
b_segomadura_adj;Segomaduran;;segomadurer;;;;;;;;;;;x
b_segomadura_2;Segomadura;Segomadura;Segomadura;;Segomadura;;;;;;;;;x
b_segomadura_2_adj;Segomaduran;;segomadurer;;;;;;;;;;;x
b_segomadura_3;Segomadura;Segomadura;Segomadura;;Segomadura;;;;;;;;;x
b_segomadura_3_adj;Segomaduran;;segomadurer;;;;;;;;;;;x
b_segomadura_4;Segomadura;Segomadura;Segomadura;;Segomadura;;;;;;;;;x
b_segomadura_4_adj;Segomaduran;;segomadurer;;;;;;;;;;;x
b_sempronium;Sempronium;Sempronium;Sempronium;;Sempronium;;;;;;;;;x
b_sempronium_adj;Semproniumian;;semproniumer;;;;;;;;;;;x
b_sempronium_2;Sempronium;Sempronium;Sempronium;;Sempronium;;;;;;;;;x
b_sempronium_2_adj;Semproniumian;;semproniumer;;;;;;;;;;;x
b_sempronium_3;Sempronium;Sempronium;Sempronium;;Sempronium;;;;;;;;;x
b_sempronium_3_adj;Semproniumian;;semproniumer;;;;;;;;;;;x
b_sempronium_4;Sempronium;Sempronium;Sempronium;;Sempronium;;;;;;;;;x
b_sempronium_4_adj;Semproniumian;;semproniumer;;;;;;;;;;;x
b_semyria;Semyria;Semyria;Semyria;;Semyria;;;;;;;;;x
b_semyria_adj;Semyrian;;semyrer;;;;;;;;;;;x
b_semyria_2;Semyria;Semyria;Semyria;;Semyria;;;;;;;;;x
b_semyria_2_adj;Semyrian;;semyrer;;;;;;;;;;;x
b_semyria_3;Semyria;Semyria;Semyria;;Semyria;;;;;;;;;x
b_semyria_3_adj;Semyrian;;semyrer;;;;;;;;;;;x
b_semyria_4;Semyria;Semyria;Semyria;;Semyria;;;;;;;;;x
b_semyria_4_adj;Semyrian;;semyrer;;;;;;;;;;;x
b_semyria_5;Semyria;Semyria;Semyria;;Semyria;;;;;;;;;x
b_semyria_5_adj;Semyrian;;semyrer;;;;;;;;;;;x
b_senia;Senia;Senia;Senia;;Senia;;;;;;;;;x
b_senia_adj;Senian;;sener;;;;;;;;;;;x
b_senia_2;Senia;Senia;Senia;;Senia;;;;;;;;;x
b_senia_2_adj;Senian;;sener;;;;;;;;;;;x
b_senia_3;Senia;Senia;Senia;;Senia;;;;;;;;;x
b_senia_3_adj;Senian;;sener;;;;;;;;;;;x
b_senia_4;Senia;Senia;Senia;;Senia;;;;;;;;;x
b_senia_4_adj;Senian;;sener;;;;;;;;;;;x
b_senia_5;Senia;Senia;Senia;;Senia;;;;;;;;;x
b_senia_5_adj;Senian;;sener;;;;;;;;;;;x
b_serinozu;Serinozu;Serinozu;Serinozu;;Serinozu;;;;;;;;;x
b_serinozu_adj;Serinozian;;serinozer;;;;;;;;;;;x
b_shahte;Shahte;Shahte;Shahte;;Shahte;;;;;;;;;x
b_shahte_adj;Shahtean;;shahter;;;;;;;;;;;x
b_shahte_2;Shahte;Shahte;Shahte;;Shahte;;;;;;;;;x
b_shahte_2_adj;Shahtean;;shahter;;;;;;;;;;;x
b_shahte_3;Shahte;Shahte;Shahte;;Shahte;;;;;;;;;x
b_shahte_3_adj;Shahtean;;shahter;;;;;;;;;;;x
b_shehit;Shehit;Shehit;Shehit;;Shehit;;;;;;;;;x
b_shehit_adj;Shehitian;;shehiter;;;;;;;;;;;x
b_shehit_2;Shehit;Shehit;Shehit;;Shehit;;;;;;;;;x
b_shehit_2_adj;Shehitian;;shehiter;;;;;;;;;;;x
b_shehit_3;Shehit;Shehit;Shehit;;Shehit;;;;;;;;;x
b_shehit_3_adj;Shehitian;;shehiter;;;;;;;;;;;x
b_shehit_4;Shehit;Shehit;Shehit;;Shehit;;;;;;;;;x
b_shehit_4_adj;Shehitian;;shehiter;;;;;;;;;;;x
b_shehit_5;Shehit;Shehit;Shehit;;Shehit;;;;;;;;;x
b_shehit_5_adj;Shehitian;;shehiter;;;;;;;;;;;x
b_sicigona;Sicigona;Sicigona;Sicigona;;Sicigona;;;;;;;;;x
b_sicigona_adj;Sicigonan;;sicigoner;;;;;;;;;;;x
b_sicigona_2;Sicigona;Sicigona;Sicigona;;Sicigona;;;;;;;;;x
b_sicigona_2_adj;Sicigonan;;sicigoner;;;;;;;;;;;x
b_sigesar;Sigesar;Sigesar;Sigesar;;Sigesar;;;;;;;;;x
b_sigesar_adj;Sigesarian;;sigesarer;;;;;;;;;;;x
b_sikcsa;Sikcsa;Sikcsa;Sikcsa;;Sikcsa;;;;;;;;;x
b_sikcsa_adj;Sikcsan;;sikcser;;;;;;;;;;;x
b_sirisi;Sirisi;Sirisi;Sirisi;;Sirisi;;;;;;;;;x
b_sirisi_adj;Sirisian;;siriser;;;;;;;;;;;x
b_skarjiq;Skarjiq;Skarjiq;Skarjiq;;Skarjiq;;;;;;;;;x
b_skarjiq_adj;Skarjiqian;;skarjiqer;;;;;;;;;;;x
b_sogaria;Sogaria;Sogaria;Sogaria;;Sogaria;;;;;;;;;x
b_sogaria_adj;Sogarian;;sogarer;;;;;;;;;;;x
b_sokliya;Sokliya;Sokliya;Sokliya;;Sokliya;;;;;;;;;x
b_sokliya_adj;Sokliyan;;sokler;;;;;;;;;;;x
b_solactus;Solactus;Solactus;Solactus;;Solactus;;;;;;;;;x
b_solactus_adj;Solactusian;;solactuser;;;;;;;;;;;x
b_soroga;Soroga;Soroga;Soroga;;Soroga;;;;;;;;;x
b_soroga_adj;Sorogan;;soroger;;;;;;;;;;;x
b_soscay;Soscay;Soscay;Soscay;;Soscay;;;;;;;;;x
b_soscay_adj;Soscaian;;soscaer;;;;;;;;;;;x
b_sovia;Sovia;Sovia;Sovia;;Sovia;;;;;;;;;x
b_sovia_adj;Sovian;;sover;;;;;;;;;;;x
b_starikan;Starikan;Starikan;Starikan;;Starikan;;;;;;;;;x
b_starikan_adj;Starikanian;;starikaner;;;;;;;;;;;x
b_starikan_2;Starikan;Starikan;Starikan;;Starikan;;;;;;;;;x
b_starikan_2_adj;Starikanian;;starikaner;;;;;;;;;;;x
b_starikan_3;Starikan;Starikan;Starikan;;Starikan;;;;;;;;;x
b_starikan_3_adj;Starikanian;;starikaner;;;;;;;;;;;x
b_starikan_4;Starikan;Starikan;Starikan;;Starikan;;;;;;;;;x
b_starikan_4_adj;Starikanian;;starikaner;;;;;;;;;;;x
b_stedyyo;Stedyyo;Stedyyo;Stedyyo;;Stedyyo;;;;;;;;;x
b_stedyyo_adj;Stedian;;steder;;;;;;;;;;;x
b_stepanya;Stepanya;Stepanya;Stepanya;;Stepanya;;;;;;;;;x
b_stepanya_adj;Stepanyan;;stepaner;;;;;;;;;;;x
b_strako;Strako;Strako;Strako;;Strako;;;;;;;;;x
b_strako_adj;Strakian;;straker;;;;;;;;;;;x
b_sunayat;Sunayat;Sunayat;Sunayat;;Sunayat;;;;;;;;;x
b_sunayat_adj;Sunayatian;;sunayater;;;;;;;;;;;x
b_sunnia;Sunnia;Sunnia;Sunnia;;Sunnia;;;;;;;;;x
b_sunnia_adj;Sunnian;;sunner;;;;;;;;;;;x
b_suzougha;Suzougha;Suzougha;Suzougha;;Suzougha;;;;;;;;;x
b_suzougha_adj;Suzoughan;;suzougher;;;;;;;;;;;x
b_suzougha_2;Suzougha;Suzougha;Suzougha;;Suzougha;;;;;;;;;x
b_suzougha_2_adj;Suzoughan;;suzougher;;;;;;;;;;;x
b_svec;Svec;Svec;Svec;;Svec;;;;;;;;;x
b_svec_adj;Svecian;;svecer;;;;;;;;;;;x
b_svec_2;Svec;Svec;Svec;;Svec;;;;;;;;;x
b_svec_2_adj;Svecian;;svecer;;;;;;;;;;;x
b_svec_3;Svec;Svec;Svec;;Svec;;;;;;;;;x
b_svec_3_adj;Svecian;;svecer;;;;;;;;;;;x
b_svec_4;Svec;Svec;Svec;;Svec;;;;;;;;;x
b_svec_4_adj;Svecian;;svecer;;;;;;;;;;;x
b_svec_5;Svec;Svec;Svec;;Svec;;;;;;;;;x
b_svec_5_adj;Svecian;;svecer;;;;;;;;;;;x
b_syragno;Syragno;Syragno;Syragno;;Syragno;;;;;;;;;x
b_syragno_adj;Syragnian;;syragner;;;;;;;;;;;x
b_syragno_2;Syragno;Syragno;Syragno;;Syragno;;;;;;;;;x
b_syragno_2_adj;Syragnian;;syragner;;;;;;;;;;;x
b_syragno_3;Syragno;Syragno;Syragno;;Syragno;;;;;;;;;x
b_syragno_3_adj;Syragnian;;syragner;;;;;;;;;;;x
b_syragno_4;Syragno;Syragno;Syragno;;Syragno;;;;;;;;;x
b_syragno_4_adj;Syragnian;;syragner;;;;;;;;;;;x
b_syragno_5;Syragno;Syragno;Syragno;;Syragno;;;;;;;;;x
b_syragno_5_adj;Syragnian;;syragner;;;;;;;;;;;x
b_syragno_6;Syragno;Syragno;Syragno;;Syragno;;;;;;;;;x
b_syragno_6_adj;Syragnian;;syragner;;;;;;;;;;;x
b_syrallegno;Syrallegno;Syrallegno;Syrallegno;;Syrallegno;;;;;;;;;x
b_syrallegno_adj;Syrallegnian;;syrallegner;;;;;;;;;;;x
b_syrallegno_2;Syrallegno;Syrallegno;Syrallegno;;Syrallegno;;;;;;;;;x
b_syrallegno_2_adj;Syrallegnian;;syrallegner;;;;;;;;;;;x
b_syrallegno_3;Syrallegno;Syrallegno;Syrallegno;;Syrallegno;;;;;;;;;x
b_syrallegno_3_adj;Syrallegnian;;syrallegner;;;;;;;;;;;x
b_syrallegno_4;Syrallegno;Syrallegno;Syrallegno;;Syrallegno;;;;;;;;;x
b_syrallegno_4_adj;Syrallegnian;;syrallegner;;;;;;;;;;;x
b_szilasz;Szilasz;Szilasz;Szilasz;;Szilasz;;;;;;;;;x
b_szilasz_adj;Szilaszian;;szilaszer;;;;;;;;;;;x
b_szillava;Szillava;Szillava;Szillava;;Szillava;;;;;;;;;x
b_szillava_adj;Szillavan;;szillaver;;;;;;;;;;;x
b_tabaned;Tabaned;Tabaned;Tabaned;;Tabaned;;;;;;;;;x
b_tabaned_adj;Tabanedian;;tabaneder;;;;;;;;;;;x
b_tabaned_2;Tabaned;Tabaned;Tabaned;;Tabaned;;;;;;;;;x
b_tabaned_2_adj;Tabanedian;;tabaneder;;;;;;;;;;;x
b_tabasus;Tabasus;Tabasus;Tabasus;;Tabasus;;;;;;;;;x
b_tabasus_adj;Tabasusian;;tabasuser;;;;;;;;;;;x
b_tagola;Tagola;Tagola;Tagola;;Tagola;;;;;;;;;x
b_tagola_adj;Tagolan;;tagoler;;;;;;;;;;;x
b_tagola_2;Tagola;Tagola;Tagola;;Tagola;;;;;;;;;x
b_tagola_2_adj;Tagolan;;tagoler;;;;;;;;;;;x
b_tagola_3;Tagola;Tagola;Tagola;;Tagola;;;;;;;;;x
b_tagola_3_adj;Tagolan;;tagoler;;;;;;;;;;;x
b_tagola_4;Tagola;Tagola;Tagola;;Tagola;;;;;;;;;x
b_tagola_4_adj;Tagolan;;tagoler;;;;;;;;;;;x
b_tahud;Tahud;Tahud;Tahud;;Tahud;;;;;;;;;x
b_tahud_adj;Tahudian;;tahuder;;;;;;;;;;;x
b_tahud_2;Tahud;Tahud;Tahud;;Tahud;;;;;;;;;x
b_tahud_2_adj;Tahudian;;tahuder;;;;;;;;;;;x
b_talvati;Talvati;Talvati;Talvati;;Talvati;;;;;;;;;x
b_talvati_adj;Talvatian;;talvater;;;;;;;;;;;x
b_talvati_2;Talvati;Talvati;Talvati;;Talvati;;;;;;;;;x
b_talvati_2_adj;Talvatian;;talvater;;;;;;;;;;;x
b_talvati_3;Talvati;Talvati;Talvati;;Talvati;;;;;;;;;x
b_talvati_3_adj;Talvatian;;talvater;;;;;;;;;;;x
b_talvati_4;Talvati;Talvati;Talvati;;Talvati;;;;;;;;;x
b_talvati_4_adj;Talvatian;;talvater;;;;;;;;;;;x
b_talvati_5;Talvati;Talvati;Talvati;;Talvati;;;;;;;;;x
b_talvati_5_adj;Talvatian;;talvater;;;;;;;;;;;x
b_tanera;Tanera;Tanera;Tanera;;Tanera;;;;;;;;;x
b_tanera_adj;Taneran;;tanerer;;;;;;;;;;;x
b_tanera_2;Tanera;Tanera;Tanera;;Tanera;;;;;;;;;x
b_tanera_2_adj;Taneran;;tanerer;;;;;;;;;;;x
b_tanera_3;Tanera;Tanera;Tanera;;Tanera;;;;;;;;;x
b_tanera_3_adj;Taneran;;tanerer;;;;;;;;;;;x
b_tanera_4;Tanera;Tanera;Tanera;;Tanera;;;;;;;;;x
b_tanera_4_adj;Taneran;;tanerer;;;;;;;;;;;x
b_tarpin;Tarpin;Tarpin;Tarpin;;Tarpin;;;;;;;;;x
b_tarpin_adj;Tarpinian;;tarpiner;;;;;;;;;;;x
b_teboubet;Teboubet;Teboubet;Teboubet;;Teboubet;;;;;;;;;x
b_teboubet_adj;Teboubetian;;teboubeter;;;;;;;;;;;x
b_teles;Teles;Teles;Teles;;Teles;;;;;;;;;x
b_teles_adj;Telesian;;teleser;;;;;;;;;;;x
b_tenamnus;Tenamnus;Tenamnus;Tenamnus;;Tenamnus;;;;;;;;;x
b_tenamnus_adj;Tenamnusian;;tenamnuser;;;;;;;;;;;x
b_tenedo;Tenedo;Tenedo;Tenedo;;Tenedo;;;;;;;;;x
b_tenedo_adj;Tenedian;;teneder;;;;;;;;;;;x
b_tenedo_2;Tenedo;Tenedo;Tenedo;;Tenedo;;;;;;;;;x
b_tenedo_2_adj;Tenedian;;teneder;;;;;;;;;;;x
b_tenedo_3;Tenedo;Tenedo;Tenedo;;Tenedo;;;;;;;;;x
b_tenedo_3_adj;Tenedian;;teneder;;;;;;;;;;;x
b_tenkech;Tenkech;Tenkech;Tenkech;;Tenkech;;;;;;;;;x
b_tenkech_adj;Tenkechian;;tenkecher;;;;;;;;;;;x
b_tenkech_2;Tenkech;Tenkech;Tenkech;;Tenkech;;;;;;;;;x
b_tenkech_2_adj;Tenkechian;;tenkecher;;;;;;;;;;;x
b_tenkech_3;Tenkech;Tenkech;Tenkech;;Tenkech;;;;;;;;;x
b_tenkech_3_adj;Tenkechian;;tenkecher;;;;;;;;;;;x
b_terada;Terada;Terada;Terada;;Terada;;;;;;;;;x
b_terada_adj;Teradan;;terader;;;;;;;;;;;x
b_terada_2;Terada;Terada;Terada;;Terada;;;;;;;;;x
b_terada_2_adj;Teradan;;terader;;;;;;;;;;;x
b_terada_3;Terada;Terada;Terada;;Terada;;;;;;;;;x
b_terada_3_adj;Teradan;;terader;;;;;;;;;;;x
b_terada_4;Terada;Terada;Terada;;Terada;;;;;;;;;x
b_terada_4_adj;Teradan;;terader;;;;;;;;;;;x
b_terale;Terale;Terale;Terale;;Terale;;;;;;;;;x
b_terale_adj;Teralean;;teraler;;;;;;;;;;;x
b_teymur;Teymur;Teymur;Teymur;;Teymur;;;;;;;;;x
b_teymur_adj;Teymurian;;teymurer;;;;;;;;;;;x
b_teymur_2;Teymur;Teymur;Teymur;;Teymur;;;;;;;;;x
b_teymur_2_adj;Teymurian;;teymurer;;;;;;;;;;;x
b_teymur_3;Teymur;Teymur;Teymur;;Teymur;;;;;;;;;x
b_teymur_3_adj;Teymurian;;teymurer;;;;;;;;;;;x
b_teymur_4;Teymur;Teymur;Teymur;;Teymur;;;;;;;;;x
b_teymur_4_adj;Teymurian;;teymurer;;;;;;;;;;;x
b_thassita;Thassita;Thassita;Thassita;;Thassita;;;;;;;;;x
b_thassita_adj;Thassitan;;thassiter;;;;;;;;;;;x
b_thassita_2;Thassita;Thassita;Thassita;;Thassita;;;;;;;;;x
b_thassita_2_adj;Thassitan;;thassiter;;;;;;;;;;;x
b_thayna;Thayna;Thayna;Thayna;;Thayna;;;;;;;;;x
b_thayna_adj;Thaynan;;thayner;;;;;;;;;;;x
b_thayna_2;Thayna;Thayna;Thayna;;Thayna;;;;;;;;;x
b_thayna_2_adj;Thaynan;;thayner;;;;;;;;;;;x
b_thayna_3;Thayna;Thayna;Thayna;;Thayna;;;;;;;;;x
b_thayna_3_adj;Thaynan;;thayner;;;;;;;;;;;x
b_thefla;Thefla;Thefla;Thefla;;Thefla;;;;;;;;;x
b_thefla_adj;Theflan;;thefler;;;;;;;;;;;x
b_thefla_2;Thefla;Thefla;Thefla;;Thefla;;;;;;;;;x
b_thefla_2_adj;Theflan;;thefler;;;;;;;;;;;x
b_thefla_3;Thefla;Thefla;Thefla;;Thefla;;;;;;;;;x
b_thefla_3_adj;Theflan;;thefler;;;;;;;;;;;x
b_thefla_4;Thefla;Thefla;Thefla;;Thefla;;;;;;;;;x
b_thefla_4_adj;Theflan;;thefler;;;;;;;;;;;x
b_thefla_5;Thefla;Thefla;Thefla;;Thefla;;;;;;;;;x
b_thefla_5_adj;Theflan;;thefler;;;;;;;;;;;x
b_theodem;Theodem;Theodem;Theodem;;Theodem;;;;;;;;;x
b_theodem_adj;Theodemian;;theodemer;;;;;;;;;;;x
b_thermynthus;Thermynthus;Thermynthus;Thermynthus;;Thermynthus;;;;;;;;;x
b_thermynthus_adj;Thermynthusian;;thermynthuser;;;;;;;;;;;x
b_thidrek;Thidrek;Thidrek;Thidrek;;Thidrek;;;;;;;;;x
b_thidrek_adj;Thidrekian;;thidreker;;;;;;;;;;;x
b_thoris;Thoris;Thoris;Thoris;;Thoris;;;;;;;;;x
b_thoris_adj;Thorisian;;thoriser;;;;;;;;;;;x
b_thufji;Thufji;Thufji;Thufji;;Thufji;;;;;;;;;x
b_thufji_adj;Thufjian;;thufjer;;;;;;;;;;;x
b_thuryma;Thuryma;Thuryma;Thuryma;;Thuryma;;;;;;;;;x
b_thuryma_adj;Thuryman;;thurymer;;;;;;;;;;;x
b_tiborivag;Tiborivag;Tiborivag;Tiborivag;;Tiborivag;;;;;;;;;x
b_tiborivag_adj;Tiborivagian;;tiborivager;;;;;;;;;;;x
b_tiborivag_2;Tiborivag;Tiborivag;Tiborivag;;Tiborivag;;;;;;;;;x
b_tiborivag_2_adj;Tiborivagian;;tiborivager;;;;;;;;;;;x
b_tiborivag_3;Tiborivag;Tiborivag;Tiborivag;;Tiborivag;;;;;;;;;x
b_tiborivag_3_adj;Tiborivagian;;tiborivager;;;;;;;;;;;x
b_tihozi;Tihozi;Tihozi;Tihozi;;Tihozi;;;;;;;;;x
b_tihozi_adj;Tihozian;;tihozer;;;;;;;;;;;x
b_tivosoria;Tivosoria;Tivosoria;Tivosoria;;Tivosoria;;;;;;;;;x
b_tivosoria_adj;Tivosorian;;tivosorer;;;;;;;;;;;x
b_tivosoria_2;Tivosoria;Tivosoria;Tivosoria;;Tivosoria;;;;;;;;;x
b_tivosoria_2_adj;Tivosorian;;tivosorer;;;;;;;;;;;x
b_tivosoria_3;Tivosoria;Tivosoria;Tivosoria;;Tivosoria;;;;;;;;;x
b_tivosoria_3_adj;Tivosorian;;tivosorer;;;;;;;;;;;x
b_tobtan;Tobtan;Tobtan;Tobtan;;Tobtan;;;;;;;;;x
b_tobtan_adj;Tobtanian;;tobtaner;;;;;;;;;;;x
b_tobtan_2;Tobtan;Tobtan;Tobtan;;Tobtan;;;;;;;;;x
b_tobtan_2_adj;Tobtanian;;tobtaner;;;;;;;;;;;x
b_tobtan_3;Tobtan;Tobtan;Tobtan;;Tobtan;;;;;;;;;x
b_tobtan_3_adj;Tobtanian;;tobtaner;;;;;;;;;;;x
b_tobtan_4;Tobtan;Tobtan;Tobtan;;Tobtan;;;;;;;;;x
b_tobtan_4_adj;Tobtanian;;tobtaner;;;;;;;;;;;x
b_tocia;Tocia;Tocia;Tocia;;Tocia;;;;;;;;;x
b_tocia_adj;Tocian;;tocer;;;;;;;;;;;x
b_tocia_2;Tocia;Tocia;Tocia;;Tocia;;;;;;;;;x
b_tocia_2_adj;Tocian;;tocer;;;;;;;;;;;x
b_tocia_3;Tocia;Tocia;Tocia;;Tocia;;;;;;;;;x
b_tocia_3_adj;Tocian;;tocer;;;;;;;;;;;x
b_tocia_4;Tocia;Tocia;Tocia;;Tocia;;;;;;;;;x
b_tocia_4_adj;Tocian;;tocer;;;;;;;;;;;x
b_tocia_5;Tocia;Tocia;Tocia;;Tocia;;;;;;;;;x
b_tocia_5_adj;Tocian;;tocer;;;;;;;;;;;x
b_tolenresa;Tolenresa;Tolenresa;Tolenresa;;Tolenresa;;;;;;;;;x
b_tolenresa_adj;Tolenresan;;tolenreser;;;;;;;;;;;x
b_tolenresa_2;Tolenresa;Tolenresa;Tolenresa;;Tolenresa;;;;;;;;;x
b_tolenresa_2_adj;Tolenresan;;tolenreser;;;;;;;;;;;x
b_tolenresa_3;Tolenresa;Tolenresa;Tolenresa;;Tolenresa;;;;;;;;;x
b_tolenresa_3_adj;Tolenresan;;tolenreser;;;;;;;;;;;x
b_tolenresa_4;Tolenresa;Tolenresa;Tolenresa;;Tolenresa;;;;;;;;;x
b_tolenresa_4_adj;Tolenresan;;tolenreser;;;;;;;;;;;x
b_tomegea;Tomegea;Tomegea;Tomegea;;Tomegea;;;;;;;;;x
b_tomegea_adj;Tomegean;;tomeger;;;;;;;;;;;x
b_touggara;Touggara;Touggara;Touggara;;Touggara;;;;;;;;;x
b_touggara_adj;Touggaran;;touggarer;;;;;;;;;;;x
b_touggara_2;Touggara;Touggara;Touggara;;Touggara;;;;;;;;;x
b_touggara_2_adj;Touggaran;;touggarer;;;;;;;;;;;x
b_trari;Trari;Trari;Trari;;Trari;;;;;;;;;x
b_trari_adj;Trarian;;trarer;;;;;;;;;;;x
b_trari_2;Trari;Trari;Trari;;Trari;;;;;;;;;x
b_trari_2_adj;Trarian;;trarer;;;;;;;;;;;x
b_trari_3;Trari;Trari;Trari;;Trari;;;;;;;;;x
b_trari_3_adj;Trarian;;trarer;;;;;;;;;;;x
b_trboszkem;Trboszkem;Trboszkem;Trboszkem;;Trboszkem;;;;;;;;;x
b_trboszkem_adj;Trboszkemian;;trboszkemer;;;;;;;;;;;x
b_trdaty;Trdaty;Trdaty;Trdaty;;Trdaty;;;;;;;;;x
b_trdaty_adj;Trdatian;;trdater;;;;;;;;;;;x
b_treporti;Treporti;Treporti;Treporti;;Treporti;;;;;;;;;x
b_treporti_adj;Treportian;;treporter;;;;;;;;;;;x
b_tripoinion;Tripoinion;Tripoinion;Tripoinion;;Tripoinion;;;;;;;;;x
b_tripoinion_adj;Tripoinionian;;tripoinioner;;;;;;;;;;;x
b_tuder;Tuder;Tuder;Tuder;;Tuder;;;;;;;;;x
b_tuder_adj;Tuderian;;tuderer;;;;;;;;;;;x
b_tuder_2;Tuder;Tuder;Tuder;;Tuder;;;;;;;;;x
b_tuder_2_adj;Tuderian;;tuderer;;;;;;;;;;;x
b_tuder_3;Tuder;Tuder;Tuder;;Tuder;;;;;;;;;x
b_tuder_3_adj;Tuderian;;tuderer;;;;;;;;;;;x
b_tuder_4;Tuder;Tuder;Tuder;;Tuder;;;;;;;;;x
b_tuder_4_adj;Tuderian;;tuderer;;;;;;;;;;;x
b_tudna;Tudna;Tudna;Tudna;;Tudna;;;;;;;;;x
b_tudna_adj;Tudnan;;tudner;;;;;;;;;;;x
b_tyras;Tyras;Tyras;Tyras;;Tyras;;;;;;;;;x
b_tyras_adj;Tyrasian;;tyraser;;;;;;;;;;;x
b_tyras_2;Tyras;Tyras;Tyras;;Tyras;;;;;;;;;x
b_tyras_2_adj;Tyrasian;;tyraser;;;;;;;;;;;x
b_tyras_3;Tyras;Tyras;Tyras;;Tyras;;;;;;;;;x
b_tyras_3_adj;Tyrasian;;tyraser;;;;;;;;;;;x
b_tyras_4;Tyras;Tyras;Tyras;;Tyras;;;;;;;;;x
b_tyras_4_adj;Tyrasian;;tyraser;;;;;;;;;;;x
b_tyras_5;Tyras;Tyras;Tyras;;Tyras;;;;;;;;;x
b_tyras_5_adj;Tyrasian;;tyraser;;;;;;;;;;;x
b_uquairaida;Uquairaida;Uquairaida;Uquairaida;;Uquairaida;;;;;;;;;x
b_uquairaida_adj;Uquairaidan;;uquairaider;;;;;;;;;;;x
b_uyamam;Uyamam;Uyamam;Uyamam;;Uyamam;;;;;;;;;x
b_uyamam_adj;Uyamamian;;uyamamer;;;;;;;;;;;x
b_vaksandri;Vaksandri;Vaksandri;Vaksandri;;Vaksandri;;;;;;;;;x
b_vaksandri_adj;Vaksandrian;;vaksandrer;;;;;;;;;;;x
b_vaksandri_2;Vaksandri;Vaksandri;Vaksandri;;Vaksandri;;;;;;;;;x
b_vaksandri_2_adj;Vaksandrian;;vaksandrer;;;;;;;;;;;x
b_vaksandri_3;Vaksandri;Vaksandri;Vaksandri;;Vaksandri;;;;;;;;;x
b_vaksandri_3_adj;Vaksandrian;;vaksandrer;;;;;;;;;;;x
b_vaksandri_4;Vaksandri;Vaksandri;Vaksandri;;Vaksandri;;;;;;;;;x
b_vaksandri_4_adj;Vaksandrian;;vaksandrer;;;;;;;;;;;x
b_valerbella;Valerbella;Valerbella;Valerbella;;Valerbella;;;;;;;;;x
b_valerbella_adj;Valerbellan;;valerbeller;;;;;;;;;;;x
b_vallicella;Vallicella;Vallicella;Vallicella;;Vallicella;;;;;;;;;x
b_vallicella_adj;Vallicellan;;valliceller;;;;;;;;;;;x
b_vallicella_2;Vallicella;Vallicella;Vallicella;;Vallicella;;;;;;;;;x
b_vallicella_2_adj;Vallicellan;;valliceller;;;;;;;;;;;x
b_vallicella_3;Vallicella;Vallicella;Vallicella;;Vallicella;;;;;;;;;x
b_vallicella_3_adj;Vallicellan;;valliceller;;;;;;;;;;;x
b_vallicella_4;Vallicella;Vallicella;Vallicella;;Vallicella;;;;;;;;;x
b_vallicella_4_adj;Vallicellan;;valliceller;;;;;;;;;;;x
b_vallicella_5;Vallicella;Vallicella;Vallicella;;Vallicella;;;;;;;;;x
b_vallicella_5_adj;Vallicellan;;valliceller;;;;;;;;;;;x
b_vallicella_6;Vallicella;Vallicella;Vallicella;;Vallicella;;;;;;;;;x
b_vallicella_6_adj;Vallicellan;;valliceller;;;;;;;;;;;x
b_variscksri;Variscksri;Variscksri;Variscksri;;Variscksri;;;;;;;;;x
b_variscksri_adj;Variscksrian;;variscksrer;;;;;;;;;;;x
b_variscksri_2;Variscksri;Variscksri;Variscksri;;Variscksri;;;;;;;;;x
b_variscksri_2_adj;Variscksrian;;variscksrer;;;;;;;;;;;x
b_variscksri_3;Variscksri;Variscksri;Variscksri;;Variscksri;;;;;;;;;x
b_variscksri_3_adj;Variscksrian;;variscksrer;;;;;;;;;;;x
b_varpavarda;Varpavarda;Varpavarda;Varpavarda;;Varpavarda;;;;;;;;;x
b_varpavarda_adj;Varpavardan;;varpavarder;;;;;;;;;;;x
b_vathaistos;Vathaistos;Vathaistos;Vathaistos;;Vathaistos;;;;;;;;;x
b_vathaistos_adj;Vathaistosian;;vathaistoser;;;;;;;;;;;x
b_veduco;Veduco;Veduco;Veduco;;Veduco;;;;;;;;;x
b_veduco_adj;Veducian;;veducer;;;;;;;;;;;x
b_veigonopole;Veigonopole;Veigonopole;Veigonopole;;Veigonopole;;;;;;;;;x
b_veigonopole_adj;Veigonopolean;;veigonopoler;;;;;;;;;;;x
b_veii;Veii;Veii;Veii;;Veii;;;;;;;;;x
b_veii_adj;Vian;;ver;;;;;;;;;;;x
b_veii_2;Veii;Veii;Veii;;Veii;;;;;;;;;x
b_veii_2_adj;Vian;;ver;;;;;;;;;;;x
b_veii_3;Veii;Veii;Veii;;Veii;;;;;;;;;x
b_veii_3_adj;Vian;;ver;;;;;;;;;;;x
b_veii_4;Veii;Veii;Veii;;Veii;;;;;;;;;x
b_veii_4_adj;Vian;;ver;;;;;;;;;;;x
b_veii_5;Veii;Veii;Veii;;Veii;;;;;;;;;x
b_veii_5_adj;Vian;;ver;;;;;;;;;;;x
b_veliszik;Veliszik;Veliszik;Veliszik;;Veliszik;;;;;;;;;x
b_veliszik_adj;Veliszikian;;velisziker;;;;;;;;;;;x
b_veresen;Veresen;Veresen;Veresen;;Veresen;;;;;;;;;x
b_veresen_adj;Veresenian;;veresener;;;;;;;;;;;x
b_veresen_2;Veresen;Veresen;Veresen;;Veresen;;;;;;;;;x
b_veresen_2_adj;Veresenian;;veresener;;;;;;;;;;;x
b_veresen_3;Veresen;Veresen;Veresen;;Veresen;;;;;;;;;x
b_veresen_3_adj;Veresenian;;veresener;;;;;;;;;;;x
b_veresen_4;Veresen;Veresen;Veresen;;Veresen;;;;;;;;;x
b_veresen_4_adj;Veresenian;;veresener;;;;;;;;;;;x
b_verios;Verios;Verios;Verios;;Verios;;;;;;;;;x
b_verios_adj;Veriosian;;verioser;;;;;;;;;;;x
b_verugia;Verugia;Verugia;Verugia;;Verugia;;;;;;;;;x
b_verugia_adj;Verugian;;veruger;;;;;;;;;;;x
b_verugia_2;Verugia;Verugia;Verugia;;Verugia;;;;;;;;;x
b_verugia_2_adj;Verugian;;veruger;;;;;;;;;;;x
b_verugia_3;Verugia;Verugia;Verugia;;Verugia;;;;;;;;;x
b_verugia_3_adj;Verugian;;veruger;;;;;;;;;;;x
b_verugia_4;Verugia;Verugia;Verugia;;Verugia;;;;;;;;;x
b_verugia_4_adj;Verugian;;veruger;;;;;;;;;;;x
b_verugia_5;Verugia;Verugia;Verugia;;Verugia;;;;;;;;;x
b_verugia_5_adj;Verugian;;veruger;;;;;;;;;;;x
b_verugia_6;Verugia;Verugia;Verugia;;Verugia;;;;;;;;;x
b_verugia_6_adj;Verugian;;veruger;;;;;;;;;;;x
b_vessetta;Vessetta;Vessetta;Vessetta;;Vessetta;;;;;;;;;x
b_vessetta_adj;Vessettan;;vessetter;;;;;;;;;;;x
b_vessetta_2;Vessetta;Vessetta;Vessetta;;Vessetta;;;;;;;;;x
b_vessetta_2_adj;Vessettan;;vessetter;;;;;;;;;;;x
b_vessetta_3;Vessetta;Vessetta;Vessetta;;Vessetta;;;;;;;;;x
b_vessetta_3_adj;Vessettan;;vessetter;;;;;;;;;;;x
b_vessetta_4;Vessetta;Vessetta;Vessetta;;Vessetta;;;;;;;;;x
b_vessetta_4_adj;Vessettan;;vessetter;;;;;;;;;;;x
b_vetera;Vetera;Vetera;Vetera;;Vetera;;;;;;;;;x
b_vetera_adj;Veteran;;veterer;;;;;;;;;;;x
b_vetera_2;Vetera;Vetera;Vetera;;Vetera;;;;;;;;;x
b_vetera_2_adj;Veteran;;veterer;;;;;;;;;;;x
b_vetera_3;Vetera;Vetera;Vetera;;Vetera;;;;;;;;;x
b_vetera_3_adj;Veteran;;veterer;;;;;;;;;;;x
b_vetera_4;Vetera;Vetera;Vetera;;Vetera;;;;;;;;;x
b_vetera_4_adj;Veteran;;veterer;;;;;;;;;;;x
b_veterszicka;Veterszicka;Veterszicka;Veterszicka;;Veterszicka;;;;;;;;;x
b_veterszicka_adj;Veterszickan;;veterszicker;;;;;;;;;;;x
b_viceggio;Viceggio;Viceggio;Viceggio;;Viceggio;;;;;;;;;x
b_viceggio_adj;Viceggian;;vicegger;;;;;;;;;;;x
b_viceggio_2;Viceggio;Viceggio;Viceggio;;Viceggio;;;;;;;;;x
b_viceggio_2_adj;Viceggian;;vicegger;;;;;;;;;;;x
b_viceggio_3;Viceggio;Viceggio;Viceggio;;Viceggio;;;;;;;;;x
b_viceggio_3_adj;Viceggian;;vicegger;;;;;;;;;;;x
b_viceggio_4;Viceggio;Viceggio;Viceggio;;Viceggio;;;;;;;;;x
b_viceggio_4_adj;Viceggian;;vicegger;;;;;;;;;;;x
b_vicevero;Vicevero;Vicevero;Vicevero;;Vicevero;;;;;;;;;x
b_vicevero_adj;Viceverian;;viceverer;;;;;;;;;;;x
b_vigas;Vigas;Vigas;Vigas;;Vigas;;;;;;;;;x
b_vigas_adj;Vigasian;;vigaser;;;;;;;;;;;x
b_vigera;Vigera;Vigera;Vigera;;Vigera;;;;;;;;;x
b_vigera_adj;Vigeran;;vigerer;;;;;;;;;;;x
b_vigera_2;Vigera;Vigera;Vigera;;Vigera;;;;;;;;;x
b_vigera_2_adj;Vigeran;;vigerer;;;;;;;;;;;x
b_vigera_3;Vigera;Vigera;Vigera;;Vigera;;;;;;;;;x
b_vigera_3_adj;Vigeran;;vigerer;;;;;;;;;;;x
b_vigeric;Vigeric;Vigeric;Vigeric;;Vigeric;;;;;;;;;x
b_vigeric_adj;Vigerician;;vigericer;;;;;;;;;;;x
b_voriani;Voriani;Voriani;Voriani;;Voriani;;;;;;;;;x
b_voriani_adj;Vorianian;;vorianer;;;;;;;;;;;x
b_voriani_2;Voriani;Voriani;Voriani;;Voriani;;;;;;;;;x
b_voriani_2_adj;Vorianian;;vorianer;;;;;;;;;;;x
b_voriani_3;Voriani;Voriani;Voriani;;Voriani;;;;;;;;;x
b_voriani_3_adj;Vorianian;;vorianer;;;;;;;;;;;x
b_vuzin;Vuzin;Vuzin;Vuzin;;Vuzin;;;;;;;;;x
b_vuzin_adj;Vuzinian;;vuziner;;;;;;;;;;;x
b_vysova;Vysova;Vysova;Vysova;;Vysova;;;;;;;;;x
b_vysova_adj;Vysovan;;vysover;;;;;;;;;;;x
b_xaneme;Xaneme;Xaneme;Xaneme;;Xaneme;;;;;;;;;x
b_xaneme_adj;Xanemean;;xanemer;;;;;;;;;;;x
b_xaneme_2;Xaneme;Xaneme;Xaneme;;Xaneme;;;;;;;;;x
b_xaneme_2_adj;Xanemean;;xanemer;;;;;;;;;;;x
b_xira;Xira;Xira;Xira;;Xira;;;;;;;;;x
b_xira_adj;Xiran;;xirer;;;;;;;;;;;x
b_yafte;Yafte;Yafte;Yafte;;Yafte;;;;;;;;;x
b_yafte_adj;Yaftean;;yafter;;;;;;;;;;;x
b_yafte_2;Yafte;Yafte;Yafte;;Yafte;;;;;;;;;x
b_yafte_2_adj;Yaftean;;yafter;;;;;;;;;;;x
b_yeghiaz;Yeghiaz;Yeghiaz;Yeghiaz;;Yeghiaz;;;;;;;;;x
b_yeghiaz_adj;Yeghiazian;;yeghiazer;;;;;;;;;;;x
b_yehorivka;Yehorivka;Yehorivka;Yehorivka;;Yehorivka;;;;;;;;;x
b_yehorivka_adj;Yehorivkan;;yehorivker;;;;;;;;;;;x
b_yezras;Yezras;Yezras;Yezras;;Yezras;;;;;;;;;x
b_yezras_adj;Yezrasian;;yezraser;;;;;;;;;;;x
b_zaira;Zaira;Zaira;Zaira;;Zaira;;;;;;;;;x
b_zaira_adj;Zairan;;zairer;;;;;;;;;;;x
b_zalin;Zalin;Zalin;Zalin;;Zalin;;;;;;;;;x
b_zalin_adj;Zalinian;;zaliner;;;;;;;;;;;x
b_zamollon;Zamollon;Zamollon;Zamollon;;Zamollon;;;;;;;;;x
b_zamollon_adj;Zamollonian;;zamolloner;;;;;;;;;;;x
b_zanclastro;Zanclastro;Zanclastro;Zanclastro;;Zanclastro;;;;;;;;;x
b_zanclastro_adj;Zanclastrian;;zanclastrer;;;;;;;;;;;x
b_zanclorion;Zanclorion;Zanclorion;Zanclorion;;Zanclorion;;;;;;;;;x
b_zanclorion_adj;Zanclorionian;;zanclorioner;;;;;;;;;;;x
b_zanes;Zanes;Zanes;Zanes;;Zanes;;;;;;;;;x
b_zanes_adj;Zanesian;;zaneser;;;;;;;;;;;x
b_zanic;Zanic;Zanic;Zanic;;Zanic;;;;;;;;;x
b_zanic_adj;Zanician;;zanicer;;;;;;;;;;;x
b_zaralid;Zaralid;Zaralid;Zaralid;;Zaralid;;;;;;;;;x
b_zaralid_adj;Zaralidian;;zaralider;;;;;;;;;;;x
b_zatrissa;Zatrissa;Zatrissa;Zatrissa;;Zatrissa;;;;;;;;;x
b_zatrissa_adj;Zatrissan;;zatrisser;;;;;;;;;;;x
b_zatrissa_2;Zatrissa;Zatrissa;Zatrissa;;Zatrissa;;;;;;;;;x
b_zatrissa_2_adj;Zatrissan;;zatrisser;;;;;;;;;;;x
b_zatrissa_3;Zatrissa;Zatrissa;Zatrissa;;Zatrissa;;;;;;;;;x
b_zatrissa_3_adj;Zatrissan;;zatrisser;;;;;;;;;;;x
b_zilne;Zilne;Zilne;Zilne;;Zilne;;;;;;;;;x
b_zilne_adj;Zilnean;;zilner;;;;;;;;;;;x
b_zistovo;Zistovo;Zistovo;Zistovo;;Zistovo;;;;;;;;;x
b_zistovo_adj;Zistovian;;zistover;;;;;;;;;;;x
b_zitra;Zitra;Zitra;Zitra;;Zitra;;;;;;;;;x
b_zitra_adj;Zitran;;zitrer;;;;;;;;;;;x
b_zsyiita;Zsyiita;Zsyiita;Zsyiita;;Zsyiita;;;;;;;;;x
b_zsyiita_adj;Zsyiitan;;zsyiiter;;;;;;;;;;;x
b_zukaluz;Zukaluz;Zukaluz;Zukaluz;;Zukaluz;;;;;;;;;x
b_zukaluz_adj;Zukaluzian;;zukaluzer;;;;;;;;;;;x
b_zukaluz_2;Zukaluz;Zukaluz;Zukaluz;;Zukaluz;;;;;;;;;x
b_zukaluz_2_adj;Zukaluzian;;zukaluzer;;;;;;;;;;;x
b_zukaluz_3;Zukaluz;Zukaluz;Zukaluz;;Zukaluz;;;;;;;;;x
b_zukaluz_3_adj;Zukaluzian;;zukaluzer;;;;;;;;;;;x
b_zukaluz_4;Zukaluz;Zukaluz;Zukaluz;;Zukaluz;;;;;;;;;x
b_zukaluz_4_adj;Zukaluzian;;zukaluzer;;;;;;;;;;;x
b_zukaluz_5;Zukaluz;Zukaluz;Zukaluz;;Zukaluz;;;;;;;;;x
b_zukaluz_5_adj;Zukaluzian;;zukaluzer;;;;;;;;;;;x
b_zuysan;Zuysan;Zuysan;Zuysan;;Zuysan;;;;;;;;;x
b_zuysan_adj;Zuysanian;;zuysaner;;;;;;;;;;;x
